date,previous_price,actual_price,naive_baseline,direct_lstm,log_return_lstm,log_return_gru,actual_return,lstm_predicted_return,gru_predicted_return,baseline_absolute_error,direct_lstm_absolute_error,log_lstm_absolute_error,gru_absolute_error
2024-05-07,179.7504425048828,180.43296813964844,179.7504425048828,171.65572,179.8058122567454,179.7208826857286,0.0037898826,0.00030804612,-0.00016446155,0.682525634765625,8.777248139648435,0.6271558829030255,0.7120854539198263
2024-05-08,180.43296813964844,180.76931762695312,180.43296813964844,172.80301,180.52042489629457,180.42756930887663,0.001862389,0.00048462965,-2.9945048e-05,0.3363494873046875,7.9663076269531246,0.24889273065855377,0.3417483180764975
2024-05-09,180.76931762695312,182.57960510253903,180.76931762695312,173.84523,180.8917612150617,180.80299931090485,0.009964541,0.0006771247,0.0001863105,1.810287475585909,8.734375102539047,1.687843887477328,1.7766057916341822
2024-05-10,182.57960510253903,181.32156372070312,182.57960510253903,174.83226,182.72684657913663,182.63961171761363,-0.00691422,0.0008061297,0.00032860634,1.258041381835909,6.489303720703134,1.4052828584335089,1.318047996910508
2024-05-13,181.32156372070312,184.5210723876953,181.32156372070312,175.62756,181.44917994883144,181.39633074866651,0.01749162,0.000703616,0.00041229703,3.1995086669921875,8.893512387695324,3.0718924388638698,3.124741639028798
2024-05-14,184.5210723876953,185.66018676757812,184.5210723876953,176.41869,184.67535672208396,184.61422809857868,0.00615438,0.00083573145,0.0005046724,1.1391143798828125,9.241496767578127,0.9848300454941636,1.0459586689994467
2024-05-15,185.66018676757812,187.9285888671875,185.66018676757812,177.18382,185.81962871378343,185.77458924119492,0.012143995,0.0008583559,0.000616019,2.268402099609375,10.744768867187503,2.1089601534040696,2.153999625992583
2024-05-16,187.9285888671875,188.04747009277344,187.9285888671875,177.96779,188.09613965942117,188.06609745961032,0.00063238724,0.000891164,0.0007314208,0.1188812255859375,10.07968009277343,0.0486695666477317,0.018627366836881265
2024-05-17,188.04747009277344,188.0771942138672,188.04747009277344,178.68327,188.21068830844703,188.17701796646907,0.00015805464,0.0008675378,0.0006886369,0.02972412109375,9.393924213867194,0.13349409457984507,0.09982375260187837
2024-05-20,188.0771942138672,189.2361297607422,188.0771942138672,179.29454,188.23550570825864,188.20873557310733,0.006143113,0.0008413742,0.0006991982,1.158935546875,9.941589760742175,1.0006240524835448,1.0273941876348545
2024-05-21,189.2361297607422,190.5337677001953,189.2361297607422,179.84778,189.40504934068304,189.37858798020352,0.0068338383,0.00089222076,0.0007525152,1.297637939453125,10.685987700195312,1.128718359512277,1.1551797199917928
2024-05-22,190.5337677001953,189.09747314453125,190.5337677001953,180.37439,190.7066620635669,190.685606746325,-0.0075668236,0.00090706075,0.00079653977,1.4362945556640625,8.723083144531245,1.6091889190356596,1.5881336017937429
2024-05-23,189.09747314453125,185.1154022216797,189.09747314453125,180.77232,189.2395564762628,189.24052578980627,-0.021283187,0.00075108215,0.000756215,3.9820709228515625,4.34308222167968,4.124154254583118,4.1251235681265825
2024-05-24,185.1154022216797,188.1861267089844,185.1154022216797,180.90112,185.2081738890338,185.33274478870408,0.016452082,0.00050108496,0.0011734166,3.070724487304716,7.285006708984412,2.977952819950616,2.853381920280327
2024-05-28,188.1861267089844,188.1960601806641,188.1861267089844,181.028,188.3150073645047,188.30262405347824,5.278393e-05,0.0006845911,0.00061889767,0.0099334716796875,7.168060180664099,0.11894718384061775,0.10656387281414936
2024-05-29,188.1960601806641,188.4932098388672,188.1960601806641,181.13869,188.30585569364123,188.3117335899224,0.0015776914,0.0005832102,0.0006145116,0.2971496582030966,7.354519838867191,0.18735414522595306,0.1814762489447901
2024-05-30,188.4932098388672,189.4837951660156,188.4932098388672,181.24283,188.60450445036076,188.6209975343172,0.005241523,0.0005902976,0.000677689,0.9905853271484091,8.240965166015599,0.8792907156548324,0.8627976316983847
2024-05-31,189.4837951660156,190.43470764160156,189.4837951660156,181.37386,189.6094308935062,189.611034657737,0.005005887,0.00066283764,0.00067127944,0.9509124755859659,9.060847641601555,0.8252767480953764,0.8236729838645545
2024-06-03,190.43470764160156,192.19789123535156,190.43470764160156,181.54225,190.56975937792777,190.56067874344623,0.009216131,0.0007088982,0.0006613046,1.76318359375,10.655641235351567,1.6281318574237957,1.6372124919053306
2024-06-04,192.19789123535156,192.514892578125,192.19789123535156,181.78235,192.34610750179309,192.3182467845272,0.00164799,0.0007709069,0.0006260187,0.3170013427734375,10.732542578124992,0.16878507633191475,0.19664579359780987
2024-06-05,192.514892578125,194.02052307128903,192.514892578125,182.04404,192.6634910022549,192.64230855507776,0.0077904277,0.000771541,0.0006616368,1.505630493164034,11.976483071289039,1.3570320690341475,1.3782145162112727
2024-06-06,194.02052307128903,192.6436462402344,194.02052307128903,182.34888,194.1815243793844,194.15351510139223,-0.0071218526,0.00082949153,0.0006852341,1.3768768310546307,10.294766240234395,1.5378781391499956,1.5098688611578268
2024-06-07,192.6436462402344,195.03089904785156,192.6436462402344,182.5869,192.7827447134587,192.77879474855948,0.012315912,0.00072176545,0.0007013218,2.387252807617159,12.443999047851548,2.248154334392865,2.2521042992920854
2024-06-10,195.03089904785156,191.2965087890625,195.03089904785156,182.86534,195.1932270213547,195.15916651130283,-0.019333377,0.0008320019,0.00065742165,3.7343902587890625,8.431168789062497,3.896718232292187,3.8626577222403284
2024-06-11,191.2965087890625,205.19400024414065,191.2965087890625,182.988,191.39570758500489,191.45299203912143,0.07013125,0.0005183959,0.0008176316,13.897491455078153,22.206000244140654,13.798292659135768,13.741008205019227
2024-06-12,205.19400024414065,211.05813598632812,205.19400024414065,183.55342,205.15151143331244,205.0561256429701,0.028177748,-0.00020710437,-0.00067212456,5.864135742187472,27.504715986328137,5.906624553015689,6.002010343358023
2024-06-13,211.05813598632812,212.2170562744141,211.05813598632812,184.4314,211.09680704534185,211.0825412740596,0.0054759798,0.00018318108,0.000115649425,1.158920288085966,27.785656274414094,1.1202492290722432,1.1345150003544973
2024-06-14,212.2170562744141,210.48361206054688,212.2170562744141,185.36119,212.30959725282813,212.23686479986463,-0.008201804,0.00043591863,9.338546e-05,1.733444213867216,25.12242206054688,1.8259851922812516,1.7532527393177588
2024-06-17,210.48361206054688,214.6240997314453,210.48361206054688,186.14392,210.5893480707673,210.4660479392478,0.019480325,0.0005021785,-8.342392e-05,4.1404876708984375,28.480179731445304,4.034751660678012,4.1580517921975115
2024-06-18,214.6240997314453,212.26657104492188,214.6240997314453,186.89673,214.79372951760524,214.66593151129015,-0.01104523,0.0007900848,0.0001948601,2.3575286865234375,25.369841044921884,2.527158472683368,2.399360466368279
2024-06-20,212.26657104492188,207.7001037597656,212.26657104492188,187.4762,212.40832487714215,212.30316084167137,-0.021747665,0.0006675641,0.00017237378,4.566467285156278,20.22390375976559,4.708221117376553,4.603057081905774
2024-06-21,207.7001037597656,205.5308074951172,207.7001037597656,187.79578,207.78891709711385,207.84843961258227,-0.010499293,0.00042747462,0.00071392674,2.169296264648409,17.73502749511718,2.258109601996665,2.317632117465081
2024-06-24,205.5308074951172,206.17466735839844,205.5308074951172,187.9185,205.66576000305213,205.82369461927377,0.003127772,0.00065634225,0.0014239902,0.64385986328125,18.256167358398443,0.5089073553463095,0.3509727391246713
2024-06-25,206.17466735839844,207.09588623046875,206.17466735839844,187.96591,206.312869090385,206.4098290464026,0.004458195,0.0006700999,0.001139887,0.9212188720703125,19.129976230468742,0.7830171400837571,0.6860571840661578
2024-06-26,207.09588623046875,211.2364196777344,207.09588623046875,187.99936,207.20446297021408,207.2531225322964,0.019796073,0.00052409235,0.0007590031,4.140533447265653,23.237059677734408,4.031956707520322,3.9832971454380015
2024-06-27,211.2364196777344,212.07839965820312,211.2364196777344,188.1357,211.33336785027495,211.2947900320069,0.0039780373,0.000458828,0.00027629564,0.8419799804687216,23.94269965820311,0.7450318079281715,0.7836096261962382
2024-06-28,212.07839965820312,208.63124084472656,212.07839965820312,188.31567,212.18645370961897,212.1566718489339,-0.016387722,0.000509316,0.0003690244,3.4471588134765625,20.31557084472655,3.555212864892411,3.5254310042073485
2024-07-01,208.63124084472656,214.703369140625,208.63124084472656,188.3999,208.7048832302262,208.76559280908623,0.028689101,0.00035291148,0.00064372504,6.0721282958984375,26.303469140624998,5.998485910398813,5.937776331538771
2024-07-02,214.703369140625,218.1901397705078,214.703369140625,188.6013,214.82256336093997,214.71903305791784,0.016109485,0.00055504846,7.2972674e-05,3.4867706298828125,29.588839770507803,3.367576409567846,3.4711067125899717
2024-07-03,218.1901397705078,219.45803833007812,218.1901397705078,188.90756,218.33447087831337,218.25428114946772,0.0057941615,0.0006612519,0.0002938729,1.2678985595703125,30.550478330078136,1.1235674517647567,1.2037571806104097
2024-07-05,219.45803833007812,224.2028045654297,219.45803833007812,189.24683,219.61675976735933,219.55119920664947,0.021389974,0.00072295644,0.00042444374,4.7447662353515625,34.9559745654297,4.586044798070361,4.651605358780216
2024-07-08,224.2028045654297,225.66883850097656,224.2028045654297,189.66887,224.39499883265853,224.34827993693943,0.0065175886,0.00085692055,0.00064860657,1.466033935546875,35.999968500976564,1.2738396683180326,1.3205585640371282
2024-07-09,225.66883850097656,226.52072143554688,225.66883850097656,190.09756,225.8815243050085,225.81464637573663,0.0037678177,0.0009420781,0.00064588606,0.8518829345703125,36.42316143554689,0.6391971305383777,0.7060750598102459
2024-07-10,226.52072143554688,230.7801055908203,226.52072143554688,190.49185,226.73061866375429,226.65511722929296,0.018628906,0.0009261959,0.0005930706,4.2593841552734375,40.28825559082031,4.049486927066027,4.1249883615273575
2024-07-11,230.7801055908203,225.4211883544922,230.7801055908203,190.91182,231.01373012741533,230.9611288422093,-0.023494733,0.0010118501,0.0007840667,5.358917236328125,34.50936835449218,5.592541772923141,5.539940487717104
2024-07-12,225.4211883544922,228.3631591796875,225.4211883544922,191.17197,225.54568771906452,225.51069998483763,0.012966565,0.0005521314,0.00039706595,2.9419708251953125,37.19118917968751,2.8174714606229827,2.852459194849871
2024-07-15,228.3631591796875,232.18670654296875,228.3631591796875,191.40788,228.5405715356319,228.45386624889215,0.016604653,0.0007765887,0.0003971819,3.82354736328125,40.778826542968744,3.646135007336852,3.7328402940765955
2024-07-16,232.18670654296875,232.6027679443359,232.18670654296875,191.6753,232.3803475140303,232.31386300681336,0.0017903224,0.0008336381,0.0005475291,0.4160614013671591,40.927467944335916,0.2224204303056183,0.2889049375225454
2024-07-17,232.6027679443359,226.7188415527344,232.6027679443359,191.9244,232.78516543001385,232.74215866499617,-0.025621476,0.00078382815,0.00059911225,5.883926391601506,34.79444155273441,6.066323877279444,6.023317112261765
2024-07-18,226.7188415527344,222.0632171630859,226.7188415527344,192.02579,226.79900361109324,226.88919268349497,-0.020748565,0.00035345624,0.00075107475,4.655624389648494,30.03742716308591,4.735786448007332,4.8259755204090595
2024-07-19,222.0632171630859,222.1919708251953,222.0632171630859,191.97928,222.18832382730395,222.483407192949,0.0005796383,0.000563228,0.0018903879,0.12875366210940342,30.212690825195324,0.0036469978913657997,0.29143636775367554
2024-07-22,222.1919708251953,221.84527587890625,222.1919708251953,191.88799,222.35399392670843,222.55543020053665,-0.0015615585,0.0007289435,0.00163446,0.3466949462890625,29.957285878906248,0.5087180478021764,0.710154321630398
2024-07-23,221.84527587890625,222.88536071777344,221.84527587890625,191.77997,221.96462675691143,222.13049618009973,0.0046773786,0.00053789164,0.0012847946,1.0400848388671875,31.105390717773446,0.9207339608620089,0.7548645376737113
2024-07-24,222.88536071777344,216.4764709472656,222.88536071777344,191.69704,222.97381226609104,223.04331940048544,-0.0291757,0.00039673643,0.0007084685,6.408889770507841,24.77943094726561,6.497341318825448,6.566848453219848
2024-07-25,216.4764709472656,215.43637084960935,216.4764709472656,191.49907,216.54330850359835,216.947714428421,-0.0048162593,0.00030867243,0.0021745618,1.04010009765625,23.937300849609358,1.1069376539890072,1.5113435788116476
2024-07-26,215.43637084960935,215.9019317626953,215.43637084960935,191.261,215.57037961281455,215.8970805474127,0.0021586819,0.0006218358,0.002136188,0.4655609130859659,24.640931762695317,0.3315521498807641,0.004851215282599242
2024-07-29,215.9019317626953,216.1792907714844,215.9019317626953,191.04018,215.9900570171303,216.13253990514204,0.0012838283,0.00040803675,0.0010675604,0.2773590087890909,25.13911077148441,0.18923375435409184,0.04675086634236436
2024-07-30,216.1792907714844,216.73399353027344,216.1792907714844,190.85367,216.2315792776317,216.2871406473969,0.002562652,0.00024183118,0.00049878994,0.5547027587890341,25.880323530273444,0.5024142526417279,0.44685288287652725
2024-07-31,216.73399353027344,219.9830322265625,216.73399353027344,190.70996,216.7865712257426,216.76520427038488,0.014879651,0.00024251139,0.00014396769,3.2490386962890625,29.273072226562505,3.196461000819909,3.217827956177615
2024-08-01,219.9830322265625,216.2981719970703,219.9830322265625,190.66977,220.05438778766256,219.8779394624653,-0.016892537,0.00032429065,-0.00047781842,3.6848602294921875,25.628401997070313,3.7562157905922504,3.57976746539498
2024-08-02,216.2981719970703,217.7840118408203,216.2981719970703,190.58829,216.34326952729495,216.36815181241036,0.0068459185,0.00020850654,0.00032343564,1.48583984375,27.195721840820312,1.4407423135253623,1.415860028409952
2024-08-05,217.7840118408203,207.2939910888672,217.7840118408203,190.53757,217.8853929717825,217.80000435725375,-0.049365766,0.00046540675,7.348473e-05,10.490020751953125,16.7564210888672,10.591401882915306,10.506013268386567
2024-08-06,207.2939910888672,205.27325439453125,207.2939910888672,190.25912,207.3979271085882,208.0160325915367,-0.009795993,0.0005012761,0.0034771077,2.0207366943359375,15.014134394531254,2.124672714056942,2.742778197005464
2024-08-07,205.27325439453125,207.8388214111328,205.27325439453125,189.8766,205.59156638302375,206.16500758369511,0.012420842,0.0015494521,0.004334833,2.5655670166015625,17.962221411132816,2.247255028109066,1.673813827437698
2024-08-08,207.8388214111328,211.29583740234375,207.8388214111328,189.54918,207.8535880968047,207.91669337936585,0.016496342,7.108977e-05,0.00037466007,3.4570159912109375,21.746657402343743,3.442249305539036,3.379144022977897
2024-08-09,211.29583740234375,214.1981964111328,211.29583740234375,189.36118,211.16330849546284,210.98275785315127,0.013642513,-0.00062744017,-0.0014828366,2.9023590087890625,24.837016411132822,3.0348879156699695,3.2154385579815425
2024-08-12,214.1981964111328,215.7254180908203,214.1981964111328,189.3167,214.11882268267345,213.86900673530909,0.0071046487,-0.00037064985,-0.0015380481,1.5272216796875,26.408718090820315,1.606595408146859,1.8564113555112272
2024-08-13,215.7254180908203,219.43438720703125,215.7254180908203,189.36972,215.73084426679816,215.49862450812543,0.017046882,2.5193032e-05,-0.0010518498,3.7089691162109375,30.06466720703125,3.703542940233092,3.935762698905819
2024-08-14,219.43438720703125,219.88064575195312,219.43438720703125,189.54623,219.51610672779495,219.27586598557536,0.0020316113,0.00037237705,-0.00072266895,0.446258544921875,30.334415751953117,0.3645390241581765,0.6047797663777601
2024-08-15,219.88064575195312,222.85577392578125,219.88064575195312,189.75958,220.01010590903388,219.82878567485568,0.013439929,0.00058861455,-0.0002358848,2.975128173828125,33.09619392578125,2.845668016747368,3.0269882509255694
2024-08-16,222.85577392578125,224.1747283935547,222.85577392578125,190.03218,223.0273136773394,222.8704386219033,0.005900977,0.00076948304,6.574462e-05,1.3189544677734375,34.14254839355468,1.1474147162152804,1.3042897716513835
2024-08-19,224.1747283935547,224.01605224609375,224.1747283935547,190.32103,224.36713910632537,224.22542327162773,-0.0007080742,0.0008579852,0.00022614101,0.1586761474609375,33.69502224609374,0.35108686023161795,0.2093710255339829
2024-08-20,224.01605224609375,224.6309051513672,224.01605224609375,190.57774,224.20138351948117,224.08740745682735,0.0027409226,0.0008270272,0.00031851314,0.6148529052734375,34.05316515136718,0.42952163188601844,0.5434976945398375
2024-08-21,224.6309051513672,224.52183532714844,224.6309051513672,190.80565,224.82301117343377,224.72631548822577,-0.00048566924,0.0008548514,0.0004246729,0.10906982421875,33.71618532714842,0.3011758462853322,0.2044801610773277
2024-08-22,224.52183532714844,222.66732788085935,224.52183532714844,190.99396,224.71028831512191,224.65057540272755,-0.00829411,0.00083894806,0.00057321205,1.854507446289091,31.67336788085936,2.042960434262568,1.9832475218682077
2024-08-23,222.66732788085935,224.9581756591797,222.66732788085935,191.10625,222.82736174104136,222.83150260721956,0.010235644,0.0007184178,0.00073709263,2.290847778320341,33.8519256591797,2.1308139181383297,2.1266730519601253
2024-08-26,224.9581756591797,225.29534912109375,224.9581756591797,191.22581,225.1418996407319,225.10698377093468,0.0014977052,0.0008163577,0.00066128426,0.3371734619140625,34.069539121093754,0.15344948036184292,0.1883653501590743
2024-08-27,225.29534912109375,226.1383056640625,225.29534912109375,191.33746,225.46841755267815,225.4496980156182,0.0037345798,0.0007679169,0.0006848896,0.84295654296875,34.80084566406251,0.6698881113843527,0.6886076484443038
2024-08-28,226.1383056640625,224.611083984375,226.1383056640625,191.44983,226.31045809030184,226.297383563724,-0.006776393,0.00076100975,0.0007032148,1.5272216796875,33.16125398437501,1.699374105926836,1.6862995793489972
2024-08-29,224.611083984375,227.8836975097656,224.611083984375,191.51743,224.76078707820852,224.78544752346352,0.014465009,0.00066627446,0.0007760461,3.2726135253905966,36.366267509765606,3.1229104315570737,3.098249986302079
2024-08-30,227.8836975097656,227.10028076171875,227.8836975097656,191.6283,228.06179684649393,228.0335171928127,-0.0034437147,0.0007811807,0.00065724447,0.7834167480468466,35.471980761718754,0.9615160847751838,0.9332364310939454
2024-09-03,227.10028076171875,220.9219512939453,227.10028076171875,191.72209,227.25949391736503,227.2526445841941,-0.02758221,0.00070076797,0.0006706368,6.1783294677734375,29.199861293945304,6.337542623419722,6.3306932902487745
2024-09-04,220.9219512939453,219.01788330078125,220.9219512939453,191.67998,220.99840455348567,221.21678224143216,-0.008656092,0.0003460378,0.0013336395,1.9040679931640625,27.33790330078125,1.9805212527044205,2.1988989406509063
2024-09-05,219.01788330078125,220.53518676757812,219.01788330078125,191.55775,219.1619003587111,219.4194392019708,0.006903874,0.0006574,0.001831704,1.517303466796875,28.977436767578126,1.373286408867017,1.115747565607336
2024-09-06,220.53518676757812,218.98812866210935,220.53518676757812,191.44827,220.6649008526219,220.7559951583935,-0.007039738,0.0005880225,0.0010006872,1.5470581054687784,27.53985866210934,1.6767721905125654,1.7678664962841424
2024-09-09,218.98812866210935,219.07736206054688,218.98812866210935,191.31953,219.08093342749996,219.22221595641528,0.0004073975,0.00042369822,0.0010683277,0.08923339843752842,27.75783206054689,0.0035713669530821335,0.14485389586840824
2024-09-10,219.07736206054688,218.2840118408203,219.07736206054688,191.20016,219.1735213812717,219.25868584213097,-0.0036278972,0.0004388871,0.0008273247,0.7933502197265625,27.0838518408203,0.8895095404513995,0.9746740013106603
2024-09-11,218.2840118408203,220.8128662109375,218.2840118408203,191.07898,218.3796668085488,218.4655116775739,0.011518562,0.0004380601,0.0008311839,2.5288543701171875,29.7338862109375,2.433199402388709,2.347354533363614
2024-09-12,220.8128662109375,220.9219512939453,220.8128662109375,191.02466,220.92157997339385,220.85593054880155,0.000493894,0.0004922574,0.00019505806,0.1090850830078125,29.8972912939453,0.00037132055146571474,0.06602074514376
2024-09-13,220.9219512939453,220.6541748046875,220.9219512939453,191.00125,221.03158784904917,220.97936366245997,-0.0012128215,0.00049617013,0.00025983586,0.2677764892578125,29.6529248046875,0.3774130443616741,0.3251888577724742
2024-09-16,220.6541748046875,214.52545166015625,220.6541748046875,190.9867,220.77335835290432,220.7421354723629,-0.02816827,0.0005399565,0.00039859326,6.12872314453125,23.538751660156237,6.247906692748074,6.2166838122066395
2024-09-17,214.52545166015625,214.99154663085935,214.52545166015625,190.84445,214.5926586254791,214.8818173609834,0.0021703225,0.00031327986,0.0016598161,0.4660949707030966,24.14709663085935,0.3988880053802575,0.10972926987594178
2024-09-18,214.99154663085935,218.8592071533203,214.99154663085935,190.68446,215.1182050971329,215.25616594779055,0.017829923,0.00058896537,0.0012300222,3.867660522460966,28.17474715332031,3.741002056187426,3.603041205529763
2024-09-19,218.8592071533203,226.97134399414065,218.8592071533203,190.61871,218.94843512636,218.8159237593809,0.03639514,0.00040762458,-0.00019779161,8.112136840820341,36.35263399414066,8.022908867780643,8.15542023475976
2024-09-20,226.97134399414065,226.306884765625,226.97134399414065,190.76927,227.01928916234468,226.84238989049484,-0.002931796,0.00021124916,-0.00056833646,0.6644592285156534,35.537614765624994,0.7124043967196769,0.535505124869843
2024-09-23,226.306884765625,224.59124755859375,226.306884765625,190.9604,226.38781841448508,226.25643612450224,-0.007609903,0.00035762275,-0.00022296666,1.71563720703125,33.63084755859376,1.796570855891332,1.665188565908494
2024-09-24,224.59124755859375,225.48377990722656,224.59124755859375,191.11086,224.68179507246532,224.6100424594624,0.003966154,0.0004030966,8.368044e-05,0.8925323486328125,34.37291990722656,0.8019848347612424,0.8737374477641708
2024-09-25,225.48377990722656,224.4920959472656,225.48377990722656,191.24954,225.6278823070625,225.54235090689872,-0.0044077276,0.00063891715,0.00025974662,0.9916839599609659,33.2425559472656,1.1357863597968958,1.050254959633122
2024-09-26,224.4920959472656,225.6325531005859,224.4920959472656,191.34651,224.63791959653096,224.60088162064855,0.0050673056,0.0006494184,0.00048447566,1.1404571533203125,34.286043100585914,0.9946335040549457,1.0316714799373585
2024-09-27,225.6325531005859,225.9002990722656,225.6325531005859,191.44159,225.79730026575817,225.74646399764785,0.0011859424,0.0007298495,0.0005047014,0.2677459716796875,34.458709072265606,0.10299880650742921,0.1538350746177457
2024-09-30,225.9002990722656,231.0670928955078,225.9002990722656,191.52803,226.06324895735813,226.022262389004,0.022614365,0.0007210171,0.00053970085,5.166793823242216,39.53906289550781,5.003843938149686,5.044830506503814
2024-10-01,231.0670928955078,224.33343505859375,231.0670928955078,191.70277,231.24426454800417,231.16226205896783,-0.02957462,0.00076645735,0.00041174027,6.7336578369140625,32.63066505859376,6.910829489410418,6.828827000374076
2024-10-02,224.33343505859375,224.898681640625,224.33343505859375,191.75352,224.38782956682553,224.47624069967424,0.0025165025,0.00024246494,0.00063642825,0.56524658203125,33.14516164062499,0.5108520737994695,0.42244094095076434
2024-10-03,224.898681640625,223.7978973388672,224.898681640625,191.77217,225.01962160502444,225.0490858082776,-0.004906596,0.000537656,0.00066850014,1.1007843017578125,32.0257273388672,1.2217242661572527,1.2511884694104083
2024-10-04,223.7978973388672,224.9185028076172,223.7978973388672,191.75197,223.92005951069768,223.99163869982655,0.0049947263,0.00054576923,0.000865325,1.12060546875,33.16653280761719,0.9984432969195041,0.9268641077906352
2024-10-07,224.9185028076172,219.85089111328125,224.9185028076172,191.74315,225.04881094976008,225.06275338472187,-0.022788579,0.0005791417,0.00064115215,5.0676116943359375,28.107741113281236,5.197919836478832,5.211862271440623
2024-10-08,219.85089111328125,223.8970489501953,219.85089111328125,191.63596,219.93163878864289,220.1838933733088,0.018236794,0.0003672078,0.0015135021,4.0461578369140625,32.2610889501953,3.965410161552427,3.713155576886521
2024-10-09,223.8970489501953,227.63577270507812,223.8970489501953,191.59087,223.99559067544033,223.92779653077017,0.01656052,0.00044005015,0.00013729301,3.7387237548828125,36.04490270507813,3.640182029637799,3.7079761743079587
2024-10-10,227.63577270507812,227.1399078369141,227.63577270507812,191.64186,227.7248340375445,227.59619441336508,-0.002180702,0.00039113965,-0.0001738749,0.4958648681640341,35.49804783691408,0.5849262006304059,0.45628657645099224
2024-10-11,227.1399078369141,225.6623077392578,227.1399078369141,191.70975,227.2339469075105,227.16522500679824,-0.0065264935,0.0004139383,0.00011140667,1.4776000976562784,33.9525577392578,1.5716391682526876,1.5029172675404254
2024-10-14,225.6623077392578,229.38119506835935,225.6623077392578,191.74884,225.7676522251495,225.76240652168963,0.016345559,0.00046667928,0.00044343842,3.718887329101534,37.632355068359345,3.613542843209842,3.6187885466697196
2024-10-15,229.38119506835935,231.9100341796875,229.38119506835935,191.84737,229.53626498666196,229.44805205129884,0.0109642865,0.0006757851,0.00029138435,2.5288391113281534,40.06266417968749,2.373769193025538,2.461982128388655
2024-10-16,231.9100341796875,229.85720825195312,231.9100341796875,191.99806,232.0835947030282,231.99836260786105,-0.00889123,0.0007481311,0.00038076122,2.052825927734375,37.859148251953116,2.2263864510750864,2.141154355907929
2024-10-17,229.85720825195312,230.22412109375,229.85720825195312,192.10861,229.99780337042105,229.95993503019056,0.0015949915,0.0006114255,0.00044684502,0.366912841796875,38.11551109375,0.22631772332894684,0.2641860635594355
2024-10-18,230.22412109375,233.05047607421875,230.22412109375,192.20047,230.38686907745432,230.3440825502039,0.012201792,0.00070663216,0.0005209376,2.82635498046875,40.850006074218754,2.663606996764429,2.7063935240148567
2024-10-21,233.05047607421875,234.51820373535156,233.05047607421875,192.32596,233.24005895241865,233.1662705402705,0.0062781475,0.0008131143,0.0004966881,1.4677276611328125,42.19224373535155,1.2781447829329124,1.3519331950810738
2024-10-22,234.51820373535156,233.90335083007812,234.51820373535156,192.47122,234.7102386404822,234.65147355523183,-0.0026252135,0.00081846694,0.0005681532,0.6148529052734375,41.43213083007814,0.8068878104040778,0.7481227251537064
2024-10-23,233.90335083007812,228.84567260742188,233.90335083007812,192.59355,234.07865409453737,234.0451103014493,-0.021860143,0.0007492201,0.0006058777,5.05767822265625,36.25212260742188,5.232981487115495,5.199437694027438
2024-10-24,228.84567260742188,228.65725708007812,228.84567260742188,192.60521,228.95081177022803,229.08252216930123,-0.00082366925,0.00045927422,0.0010344558,0.18841552734375,36.052047080078125,0.29355469014990376,0.42526508922310313
2024-10-25,228.65725708007812,229.49026489257812,228.65725708007812,192.57715,228.8103383965208,228.9114930912001,0.0036364216,0.0006693072,0.0011112203,0.8330078125,36.913114892578136,0.6799264960573339,0.578771801378025
2024-10-28,229.49026489257812,231.46372985839844,229.49026489257812,192.55113,229.6420162319373,229.6843654429213,0.008562577,0.0006609826,0.0008453862,1.9734649658203125,38.91259985839844,1.8217136264611327,1.779364415477147
2024-10-29,231.46372985839844,231.7315216064453,231.46372985839844,192.56224,231.6061354052781,231.5843372301115,0.0011562803,0.0006150792,0.0005209771,0.267791748046875,39.16928160644531,0.12538620116720267,0.14718437633382564
2024-10-30,231.7315216064453,228.1911163330078,231.7315216064453,192.58914,231.86878799567967,231.86679902807555,-0.015395959,0.00059218693,0.0005835375,3.5404052734375,35.601976333007826,3.6776716626718553,3.675682695067735
2024-10-31,228.1911163330078,224.0359039306641,228.1911163330078,192.55501,228.29119433367123,228.41140218497097,-0.018377185,0.00043851387,0.00096483785,4.155212402343722,31.48089393066408,4.2552904030071375,4.375498254306876
2024-11-01,224.0359039306641,221.060791015625,224.0359039306641,192.43062,224.15021057949343,224.4569690300669,-0.013368588,0.00051013846,0.0018777048,2.975112915039091,28.630171015624995,3.0894195638684323,3.3961780144418867
2024-11-04,221.060791015625,220.16824340820312,221.060791015625,192.23277,221.2349810395972,221.636672194727,-0.0040457393,0.00078768167,0.0026016692,0.892547607421875,27.935473408203137,1.0667376313940622,1.468428786523873
2024-11-05,220.16824340820312,221.5962829589844,220.16824340820312,192.0124,220.34075902270345,220.64059446771353,0.006465184,0.0007832635,0.0021431448,1.4280395507812784,29.58388295898439,1.2555239362809516,0.9556884912708767
2024-11-06,221.5962829589844,220.87234497070312,221.5962829589844,191.83305,221.6877363123422,221.7578452666494,-0.0032722708,0.00041260343,0.0007287864,0.7239379882812784,29.03929497070314,0.8153913416390708,0.8855002959462865
2024-11-07,220.87234497070312,225.59288024902344,220.87234497070312,191.67094,220.9299024279244,221.00486403849573,0.02114705,0.0002605485,0.00059981295,4.7205352783203125,33.921940249023436,4.662977821099048,4.588016210527712
2024-11-08,225.59288024902344,225.32481384277344,225.59288024902344,191.62961,225.6431159377462,225.46277304236355,-0.0011889817,0.00022270955,-0.0005769266,0.26806640625,33.695203842773424,0.31830209497275064,0.1379591995901137
2024-11-11,225.32481384277344,222.6144561767578,225.32481384277344,191.62723,225.391186906696,225.27775370194288,-0.012101599,0.0002945474,-0.0002088868,2.710357666015625,30.987226176757815,2.77673072993818,2.6632975251850723
2024-11-12,222.6144561767578,222.6144561767578,222.6144561767578,191.58667,222.68207426480512,222.70675433618817,0.0,0.00030368695,0.00041447592,0.0,31.027786176757814,0.06761808804731118,0.09229815943035646
2024-11-13,222.6144561767578,223.49806213378903,222.6144561767578,191.53967,222.72947061694504,222.7287540987436,0.0039613643,0.00051653036,0.0005133393,0.8836059570312216,31.958392133789033,0.7685915168439976,0.7693080350454409
2024-11-14,223.49806213378903,226.57574462890625,223.49806213378903,191.51358,223.63234308161188,223.5818012248619,0.01367656,0.00060065015,0.0003746634,3.077682495117216,35.06216462890626,2.9434015472943713,2.9939434040443587
2024-11-15,226.57574462890625,223.3789520263672,226.57574462890625,191.55896,226.72251660779875,226.5958670293985,-0.0142096365,0.0006476254,8.883845e-05,3.1967926025390625,31.819992026367174,3.343564581431565,3.2169150030313176
2024-11-18,223.3789520263672,226.377197265625,223.3789520263672,191.55823,223.47870368412623,223.4809671360508,0.0133329565,0.0004464243,0.00045658066,2.9982452392578125,34.81896726562499,2.8984935814987693,2.8962301295742066
2024-11-19,226.377197265625,226.6352996826172,226.377197265625,191.60515,226.5215198100777,226.41101105549023,0.0011394937,0.0006373614,0.00014936586,0.2581024169921875,35.03014968261718,0.11377987253948163,0.22428862712695263
2024-11-20,226.6352996826172,227.35012817382812,226.6352996826172,191.66573,226.78286671720343,226.69800621635477,0.0031491276,0.0006509124,0.00027662725,0.7148284912109375,35.68439817382813,0.5672614566246921,0.652121957473355
2024-11-21,227.35012817382812,226.87355041503903,227.35012817382812,191.7398,227.50683336747895,227.4465037650807,-0.0020984286,0.0006889715,0.00042383856,0.4765777587890909,35.13375041503903,0.6332829524399131,0.5729533500416721
2024-11-22,226.87355041503903,228.2138214111328,226.87355041503903,191.79977,227.02914280122965,226.99958214103387,0.0058901873,0.0006856291,0.0005553295,1.3402709960937784,36.41405141113282,1.184678609903159,1.2142392700989433
2024-11-25,228.2138214111328,231.1922149658203,228.2138214111328,191.87413,228.38654727365247,228.33798597823625,0.012966461,0.0007565577,0.00054394954,2.9783935546875,39.318084965820304,2.8056676921678445,2.854228987584065
2024-11-26,231.1922149658203,233.366455078125,231.1922149658203,191.99963,231.38001057538713,231.30818853862,0.009360523,0.000811976,0.00050149404,2.1742401123046875,41.366825078125004,1.9864445027378679,2.058266539505013
2024-11-27,233.366455078125,233.2373809814453,233.366455078125,192.1659,233.5616919734166,233.4994876847486,-0.00055324915,0.0008362685,0.0005699488,0.1290740966796875,41.07148098144532,0.3243109919712879,0.26210670330328867
2024-11-29,233.2373809814453,235.6201171875,233.2373809814453,192.323,233.42319553102243,233.37940413261097,0.010164098,0.0007963531,0.0006087613,2.3827362060546875,43.29711718749999,2.1969216564775707,2.240713054889028
2024-12-02,235.6201171875,237.8638153076172,235.6201171875,192.50072,235.826986093889,235.78198894683737,0.00947747,0.00087761326,0.0006868137,2.2436981201171875,45.363095307617186,2.036829213728197,2.0818263607798144
2024-12-03,237.8638153076172,240.9017639160156,237.8638153076172,192.69916,238.0843649811104,238.04560290812697,0.012690926,0.00092672824,0.0007640107,3.037948608398409,48.20260391601559,2.817398934905185,2.8561610078886304
2024-12-04,240.9017639160156,241.25917053222656,240.9017639160156,192.92767,241.13242470833936,241.10594696300535,0.0014825203,0.0009570006,0.0008472564,0.3574066162109659,48.331500532226556,0.12674582388720523,0.15322356922121116
2024-12-05,241.25917053222656,241.28895568847656,241.25917053222656,193.13911,241.48036626345672,241.44214377914977,0.00012344948,0.0009164603,0.00075817446,0.02978515625,48.149845688476574,0.19141057498015357,0.15318809067321126
2024-12-06,241.28895568847656,241.0904083251953,241.28895568847656,193.31815,241.49962238209991,241.46450167853436,-0.0008232001,0.0008726853,0.0007272185,0.19854736328125,47.77225832519531,0.40921405690460233,0.3740933533390489
2024-12-09,241.0904083251953,244.97222900390625,241.0904083251953,193.45918,241.29558472931785,241.268224043406,0.01597285,0.00085070415,0.000737319,3.8818206787109375,51.51304900390625,3.676644274588398,3.7040049605002423
2024-12-10,244.97222900390625,245.98487854003903,244.97222900390625,193.6285,245.1989024211798,245.1671295948472,0.0041252114,0.0009248654,0.0007952562,1.012649536132784,52.35637854003903,0.7859761188592245,0.8177489451918234
2024-12-11,245.98487854003903,244.7141265869141,245.98487854003903,193.79543,246.20533398590848,246.183810402872,-0.0051793656,0.00089584553,0.00080838636,1.2707519531249432,50.91869658691408,1.4912073989943906,1.4696838159579215
2024-12-12,244.7141265869141,246.17352294921875,244.7141265869141,193.92064,244.9019080201197,244.89753219054367,0.005945966,0.0007670126,0.00074923795,1.459396362304659,52.25288294921876,1.2716149290990586,1.2759907586750785
2024-12-13,246.17352294921875,246.34228515625,246.17352294921875,194.03773,246.38067756873352,246.36571102163725,0.0006853068,0.00084117614,0.0007804476,0.16876220703125,52.30455515624999,0.038392412483517546,0.023425865387252998
2024-12-16,246.34228515625,249.2313232421875,246.34228515625,194.1367,246.54485381639097,246.53827576769984,0.011659502,0.0008220146,0.00079527136,2.8890380859375,55.09462324218751,2.686469425796531,2.6930474744876562
2024-12-17,249.2313232421875,251.65374755859375,249.2313232421875,194.25725,249.44761705794372,249.43822848022683,0.009672651,0.00086744915,0.000829867,2.42242431640625,57.39649755859375,2.2061305006500334,2.215519078366924
2024-12-18,251.65374755859375,246.2628936767578,251.65374755859375,194.39748,251.87694357417055,251.86881371930212,-0.021654487,0.00088651344,0.0008542497,5.3908538818359375,51.86541367675781,5.614049897412741,5.605920042544312
2024-12-19,246.2628936767578,247.9903259277344,246.2628936767578,194.45146,246.38173010273024,246.45236262271283,0.0069900984,0.00048240653,0.0007690423,1.727432250976591,53.538865927734406,1.6085958250041585,1.5379633050215773
2024-12-20,247.9903259277344,252.656494140625,247.9903259277344,194.4997,248.1648644070956,248.16731811539287,0.018641097,0.0007036037,0.0007134313,4.666168212890597,58.15679414062501,4.4916297335294075,4.489176025232126
2024-12-23,252.656494140625,253.4308624267578,252.656494140625,194.59743,252.84506920693093,252.810613069596,0.0030602184,0.0007461222,0.00060984294,0.7743682861328125,58.83343242675781,0.5857932198268827,0.6202493571618106
2024-12-24,253.4308624267578,256.3397216796875,253.4308624267578,194.703,253.61188861461417,253.59306696657768,0.011412549,0.00071409874,0.00063981616,2.9088592529296875,61.6367216796875,2.7278330650733267,2.7466547131098196
2024-12-26,256.3397216796875,257.15380859375,256.3397216796875,194.8335,256.5423828404164,256.51973930602253,0.0031707804,0.0007902631,0.00070197607,0.8140869140625,62.32030859375001,0.6114257533336058,0.6340692877274705
2024-12-27,257.15380859375,253.74855041503903,257.15380859375,194.96066,257.36615662957774,257.3336315442575,-0.013330565,0.0008254269,0.0006990095,3.405258178710966,58.787890415039044,3.6176062145387107,3.58508112921848
2024-12-30,253.74855041503903,250.38296508789065,253.74855041503903,195.02826,253.90590667238936,253.9274440916961,-0.013352212,0.0006199021,0.0007047934,3.3655853271483807,55.354705087890665,3.52294158449871,3.544479003805435
2024-12-31,250.38296508789065,248.61578369140625,250.38296508789065,195.03009,250.5292500152464,250.65968566767336,-0.007082938,0.00058405905,0.0011046262,1.7671813964844034,53.58569369140625,1.9134663238401401,2.043901976267108
2025-01-02,248.61578369140625,242.09312438964844,248.61578369140625,194.99031,248.78557584580992,248.96467411585036,-0.026586205,0.00068275246,0.0014022996,6.5226593017578125,47.102814389648444,6.6924514561614785,6.87154972620192
2025-01-03,242.09312438964844,241.60665893554688,242.09312438964844,194.85776,242.2820403089827,242.77545544385248,-0.002011436,0.000780013,0.002814453,0.4864654541015625,46.74889893554686,0.6753813734358118,1.1687965083056042
2025-01-06,241.60665893554688,243.23484802246097,241.60665893554688,194.70886,241.8246594430784,242.16814921092373,0.006716402,0.00090187555,0.0023212323,1.628189086914091,48.52598802246098,1.4101885793825772,1.0666988115372362
2025-01-07,243.23484802246097,240.4649353027344,243.23484802246097,194.59152,243.3314622060789,243.439094813999,-0.01145315,0.00039707468,0.00083936,2.7699127197265625,45.8734153027344,2.866526903344493,2.974159511264588
2025-01-08,240.4649353027344,240.95138549804688,240.4649353027344,194.45787,240.52433053802815,240.76460605068863,0.0020209134,0.0002470293,0.0012454488,0.4864501953124716,46.49351549804686,0.42705496001872234,0.1867794473582478
2025-01-10,240.95138549804688,235.1435546875,240.95138549804688,194.34415,241.01836903464573,241.11674751356983,-0.024398994,0.00027796644,0.000686006,5.807830810546875,40.79940468749999,5.87481434714573,5.973192826069834
2025-01-13,235.1435546875,232.71121215820312,235.1435546875,194.16452,235.22980698558968,235.6823722610716,-0.010397946,0.00036675454,0.002288809,2.432342529296875,38.546692158203115,2.5185948273865506,2.971160102868481
2025-01-14,232.71121215820312,231.59927368164065,232.71121215820312,193.95166,232.88637096805175,233.3566421344367,-0.0047896425,0.0007524339,0.0027697072,1.1119384765624716,37.64761368164065,1.2870972864110968,1.7573684527960438
2025-01-15,231.59927368164065,236.15621948242188,231.59927368164065,193.73282,231.7597635481252,232.10139465218165,0.019484922,0.00069274154,0.002165697,4.556945800781222,42.42339948242187,4.396455934296682,4.0548248302402214
2025-01-16,236.15621948242188,226.6154632568359,236.15621948242188,193.60895,236.140595114015,235.9251195900761,-0.041238945,-6.61416e-05,-0.0009790575,9.540756225585966,33.006513256835916,9.525131857179105,9.309656333240184
2025-01-17,226.6154632568359,228.3230438232422,226.6154632568359,193.371,226.64083003044104,227.22013257909745,0.0075068986,0.00011190458,0.0026647616,1.7075805664062784,34.95204382324218,1.68221379280115,1.1029112441447353
2025-01-21,228.3230438232422,221.0359344482422,228.3230438232422,193.15811,228.3389120500742,228.4579101422005,-0.032436196,6.9541566e-05,0.0005904981,7.287109375,27.877824448242194,7.302977601832026,7.421975693958302
2025-01-22,221.0359344482422,222.2173614501953,221.0359344482422,192.84329,221.26227696858768,222.00435897097304,0.005330721,0.0010235386,0.004371766,1.181427001953125,29.374071450195316,0.9550844816076278,0.21300247922226845
2025-01-23,222.2173614501953,222.0485992431641,222.2173614501953,192.55153,222.30740223068824,222.56345818368752,-0.000759735,0.000405077,0.0015562613,0.16876220703122158,29.497069243164077,0.2588029875241489,0.5148589405234247
2025-01-24,222.0485992431641,221.17491149902344,222.0485992431641,192.28993,222.01750992777215,222.20337082860172,-0.0039424305,-0.00014004682,0.00069676613,0.8736877441406534,28.88498149902344,0.8425984287487154,1.0284593295782827
2025-01-27,221.17491149902344,228.20391845703125,221.17491149902344,192.05022,221.13843399404777,221.30537098194327,0.031285767,-0.00016491022,0.00058963755,7.0290069580078125,36.153698457031254,7.065484462983477,6.89854747508798
2025-01-28,228.20391845703125,236.5433807373047,228.20391845703125,191.98198,228.06173660995773,227.47788378265616,0.03589201,-0.0006232676,-0.0031866096,8.339462280273438,44.561400737304695,8.481644127346954,9.065496954648523
2025-01-29,236.5433807373047,237.63546752929688,236.5433807373047,192.13326,236.43462040191844,235.91117780254717,0.004606231,-0.00045990176,-0.0026762532,1.0920867919921875,45.50220752929687,1.200847127378438,1.7242897267497028
2025-01-30,237.63546752929688,235.8781890869141,237.63546752929688,192.35638,237.65631719876544,237.3020569521086,-0.007422326,8.777855e-05,-0.0014040294,1.757278442382784,43.52180908691409,1.7781281118513448,1.4238678651944952
2025-01-31,235.8781890869141,234.29966735839844,235.8781890869141,192.54794,235.9464898254028,235.71837548164424,-0.006714598,0.00028947578,-0.0006777715,1.5785217285156534,41.751727358398426,1.6468224670043696,1.418708123245807
2025-02-03,234.29966735839844,226.3672332763672,234.29966735839844,192.68077,234.40999361110516,234.28080017265071,-0.03444232,0.0004708069,-8.054718e-05,7.93243408203125,33.68646327636719,8.042760334737977,7.913566896283527
2025-02-04,226.3672332763672,231.12271118164065,226.3672332763672,192.64081,226.4465424178361,226.7934895535509,0.020790178,0.00035030465,0.0018812238,4.755477905273466,38.481901181640666,4.676168763804554,4.329221628089755
2025-02-05,231.12271118164065,230.79510498046875,231.12271118164065,192.63509,231.20872844508995,231.0763412090637,-0.0014184614,0.00037212519,-0.00020066602,0.3276062011719034,38.16001498046876,0.41362346462119604,0.2812362285949632
2025-02-06,230.79510498046875,231.53970336914065,230.79510498046875,192.62817,230.84572875418235,230.791184389298,0.0032210383,0.00021930138,-1.6995938e-05,0.7445983886719034,38.91153336914064,0.6939746149583073,0.7485189798426575
2025-02-07,231.53970336914065,225.9900054931641,231.53970336914065,192.6368,231.61422791470252,231.5559883624301,-0.024260588,0.00032183545,7.037213e-05,5.5496978759765625,33.3532054931641,5.624222421538434,5.5659828692660085
2025-02-10,225.9900054931641,226.25831604003903,225.9900054931641,192.54927,226.03785112497283,226.30267238661693,0.001186563,0.00021163869,0.0013825586,0.26831054687494316,33.70904604003903,0.22046491506620214,0.04435634657789933
2025-02-11,226.25831604003903,231.1979522705078,226.25831604003903,192.44833,226.36776879387975,226.5018740408231,0.021596942,0.00048357775,0.0010758475,4.939636230468778,38.749622270507814,4.830183476628065,4.6960782296847015
2025-02-12,231.1979522705078,235.42198181152344,231.1979522705078,192.44183,231.2729180371971,231.09534287735187,0.01810529,0.0003242239,-0.00044392888,4.224029541015625,42.98015181152343,4.1490637743263505,4.326638934171569
2025-02-13,235.42198181152344,240.05349731445312,235.42198181152344,192.53981,235.50648398247176,235.3273062639664,0.019482233,0.00035885395,-0.0004022203,4.6315155029296875,47.513687314453136,4.547013331981361,4.726191050486733
2025-02-14,240.05349731445312,243.1047210693359,240.05349731445312,192.73813,240.1805264323448,240.04512695694393,0.012630497,0.00052899495,-3.4867786e-05,3.051223754882784,50.3665910693359,2.9241946369911034,3.059594112391977
2025-02-18,243.1047210693359,242.97552490234375,243.1047210693359,192.99326,243.2854134960016,243.1954585172734,-0.0005315837,0.0007429428,0.00037315855,0.12919616699215908,49.98226490234376,0.3098885936578597,0.21993361492965846
2025-02-19,242.97552490234375,243.373046875,242.97552490234375,193.2292,243.16521629245108,243.0584804896498,0.0016347208,0.0007804413,0.0003413136,0.39752197265625,50.14384687500001,0.2078305825489224,0.3145663853501901
2025-02-20,243.373046875,244.3271942138672,243.373046875,193.43593,243.57587206014432,243.48227828997187,0.0039128484,0.0008330071,0.0004487788,0.9541473388671875,50.891264213867174,0.7513221537228674,0.8449159238953143
2025-02-21,244.3271942138672,244.0489196777344,244.3271942138672,193.61888,244.5445038313901,244.45834891266168,-0.0011395911,0.00088902557,0.0005366395,0.2782745361327841,50.43003967773441,0.49558415365569886,0.40942923492727346
2025-02-24,244.0489196777344,245.5894470214844,244.0489196777344,193.76457,244.25577018486368,244.1985153609494,0.0062925313,0.0008471956,0.00061274716,1.54052734375,51.82487702148441,1.3336768366207252,1.390931660535017
2025-02-25,245.5894470214844,245.52981567382812,245.5894470214844,193.90128,245.80542008288833,245.75696740339484,-0.00024283864,0.00087902375,0.00068192906,0.05963134765627842,51.62853567382811,0.27560440906020744,0.2271517295667138
2025-02-26,245.52981567382812,238.89064025878903,245.52981567382812,194.01295,245.73312116857417,245.70171506493716,-0.027412515,0.0008277384,0.0006998699,6.639175415039091,44.877690258789045,6.842480909785138,6.811074806148127
2025-02-27,238.89064025878903,235.849365234375,238.89064025878903,194.00563,238.98860452204823,239.17635986730053,-0.012812557,0.00040995522,0.0011953522,3.041275024414034,41.843735234375,3.1392392876732345,3.3269946329255333
2025-02-28,235.849365234375,240.36160278320312,235.849365234375,193.92021,236.0115069495805,236.31627826791373,0.018951148,0.0006872403,0.001977713,4.512237548828125,46.44139278320313,4.350095833622618,4.045324515289394
2025-03-03,240.36160278320312,236.57489013671875,240.36160278320312,193.88664,240.47762014027467,240.45418171150595,-0.015879652,0.00048259395,0.00038506615,3.786712646484375,42.68825013671875,3.9027300035559165,3.879291574787203
2025-03-04,236.57489013671875,234.4877166748047,236.57489013671875,193.81125,236.62940445692948,236.79286281178793,-0.0088616125,0.00023038842,0.0009209281,2.0871734619140625,40.676466674804686,2.141687782124791,2.3051461369832396
2025-03-05,234.4877166748047,234.29888916015625,234.4877166748047,193.70367,234.57778160847735,234.81205665786,-0.00080560124,0.0003840333,0.0013822331,0.1888275146484375,40.59521916015626,0.27889244832110194,0.5131674977037619
2025-03-06,234.29888916015625,233.89138793945312,234.29888916015625,193.59372,234.40644991661975,234.55842033363297,-0.0017407507,0.00045899634,0.0011070947,0.407501220703125,40.297667939453135,0.5150619771666243,0.6670323941798415
2025-03-07,233.89138793945312,237.60853576660156,233.89138793945312,193.48877,233.99117771118108,234.09994549534167,0.015767658,0.00042656134,0.0008913024,3.7171478271484375,44.119765766601574,3.617358055420482,3.508590271259891
2025-03-10,237.60853576660156,226.08938598632812,237.60853576660156,193.45764,237.70183879337492,237.59612935320547,-0.04969408,0.00039260712,-5.2229152e-05,11.519149780273438,32.63174598632813,11.612452807046793,11.506743366877345
2025-03-11,226.08938598632812,219.48995971679688,226.08938598632812,193.26355,226.12644492456093,226.69108838345343,-0.029623944,0.000163903,0.0026578302,6.59942626953125,26.226409716796866,6.6364852077640535,7.201128666656558
2025-03-12,219.48995971679688,215.653564453125,219.48995971679688,192.92726,220.11939078223077,220.92789676501707,-0.017633239,0.0028635678,0.0065299105,3.836395263671875,22.72630445312501,4.4658263291057665,5.274332311892067
2025-03-13,215.653564453125,208.39816284179688,215.653564453125,192.49875,217.0055433457601,217.34270256190212,-0.034222756,0.006249603,0.007802108,7.255401611328125,15.899412841796874,8.607380503963213,8.94453972010524
2025-03-14,208.39816284179688,212.18492126464844,208.39816284179688,191.92618,211.676891891424,210.75914189861217,0.01800767,0.01561055,0.011265442,3.7867584228515625,20.25874126464845,0.5080293732244456,1.4257793660362665
2025-03-17,212.18492126464844,212.69178771972656,212.18492126464844,191.43105,213.50121726008547,212.4613133233379,0.0023859472,0.006184343,0.0013017376,0.506866455078125,21.260737719726563,0.8094295403589058,0.23047439638867218
2025-03-18,212.69178771972656,211.38980102539065,212.69178771972656,191.01482,212.49653012070303,212.82302435555903,-0.0061402847,-0.00091845205,0.00061683403,1.301986694335909,20.374981025390667,1.1067290953123745,1.4332233301683743
2025-03-19,211.38980102539065,213.9241943359375,211.38980102539065,190.63947,211.08433113479265,211.57350631349985,0.011917893,-0.0014461075,0.0008686885,2.5343933105468466,23.28472433593751,2.8398632011448512,2.3506880224376516
2025-03-20,213.9241943359375,212.7911834716797,213.9241943359375,190.37703,212.94718399389967,213.5293507217284,-0.0053103943,-0.0045775543,-0.0018474158,1.1330108642578125,22.414153471679697,0.1560005222199834,0.7381672500487184
2025-03-21,212.7911834716797,216.93568420410156,212.7911834716797,190.15598,212.16649078371935,212.62271062791024,0.019289596,-0.0029400047,-0.00079205947,4.144500732421875,26.779704204101563,4.769193420382209,4.312973576191325
2025-03-24,216.93568420410156,219.38064575195312,216.93568420410156,190.07513,216.3512700725214,216.41187473731588,0.011207406,-0.002697586,-0.0024174931,2.4449615478515625,29.305515751953124,3.0293756794317233,2.968771014637241
2025-03-25,219.38064575195312,222.38217163085935,219.38064575195312,190.1106,219.01189957796305,218.95637843417717,0.0135890655,-0.0016822462,-0.0019358032,3.0015258789062216,32.27157163085934,3.370272052896297,3.4257931966821786
2025-03-26,222.38217163085935,220.1757354736328,222.38217163085935,190.25514,222.1970123913579,222.08859966175075,-0.00997137,-0.0008329932,-0.001320993,2.206436157226534,29.9205954736328,2.021276917725089,1.9128641881179362
2025-03-27,220.1757354736328,222.48158264160156,220.1757354736328,190.37492,220.15548591853167,220.0734771888965,0.010418299,-9.199011e-05,-0.00046454242,2.30584716796875,32.10666264160156,2.3260967230698952,2.4081054527050583
2025-03-28,222.48158264160156,216.56793212890625,222.48158264160156,190.52672,222.56117477768748,222.4236721353891,-0.026940053,0.00035768165,-0.0002603468,5.9136505126953125,26.04121212890624,5.993242648781234,5.855740006482847
2025-03-31,216.56793212890625,220.7720947265625,216.56793212890625,190.53937,216.5861330499829,216.7220590775978,0.01922665,8.4010535e-05,0.0007113861,4.20416259765625,30.23272472656251,4.185961676579609,4.050035648964695
2025-04-01,220.7720947265625,221.8255920410156,220.7720947265625,190.59952,220.8581811811746,220.72294570363735,0.0047605275,0.0003898861,-0.00022262556,1.0534973144530966,31.226072041015584,0.96741085984101,1.1026463373782462
2025-04-02,221.8255920410156,222.5213165283203,221.8255920410156,190.6879,221.91669048840777,221.80616916449617,0.0031314502,0.00041061558,-8.7539316e-05,0.6957244873047159,31.8334165283203,0.6046260399125458,0.7151473638241441
2025-04-03,222.5213165283203,201.9478454589844,222.5213165283203,190.7917,222.62410713452664,222.5503101109225,-0.09701343,0.00046180445,0.00013026205,20.57347106933591,11.156145458984412,20.676261675542236,20.602464651938106
2025-04-04,201.9478454589844,187.2283935546875,201.9478454589844,190.42569,202.61662282310135,203.3124353556814,-0.07568025,0.0033061244,0.006734363,14.719451904296903,3.197296445312503,15.388229268413852,16.0840418009939
2025-04-07,187.2283935546875,180.35072326660156,187.2283935546875,189.53601,191.96844611797133,190.63653808443632,-0.037425805,0.025001831,0.018039446,6.8776702880859375,9.185286733398442,11.617722851369763,10.285814817834762
2025-04-08,180.35072326660156,171.36598205566406,180.35072326660156,188.27,187.89764329038007,183.9283660001638,-0.051101904,0.040993955,0.019642921,8.9847412109375,16.904017944335948,16.53166123471601,12.562383944499743
2025-04-09,171.36598205566406,197.6343994140625,171.36598205566406,186.57986,179.569687029345,175.0259780975648,0.14261734,0.04676182,0.021132905,26.268417358398438,11.054539414062504,18.064712384717495,22.608421316497697
2025-04-10,197.6343994140625,189.25592041015625,197.6343994140625,185.71808,191.69016519873549,192.4926256857725,-0.043318678,-0.030538512,-0.026361017,8.37847900390625,3.5378404101562637,2.4342447885792353,3.2367052756162593
2025-04-11,189.25592041015625,196.9386749267578,189.25592041015625,184.96938,192.0969223711072,189.64503107778,0.03979221,0.014899906,0.0020538718,7.6827545166015625,11.969294926757811,4.841752555650601,7.293643848977808
2025-04-14,196.9386749267578,201.281982421875,196.9386749267578,184.62283,189.74637976934173,194.5258814766112,0.021814438,-0.037204057,-0.0123271495,4.3433074951171875,16.659152421875007,11.53560265253327,6.756100945263796
2025-04-15,201.281982421875,200.90428161621097,201.281982421875,184.63483,200.4097157399665,200.01932226181088,-0.0018782389,-0.0043429583,-0.0062928624,0.3777008056640341,16.269451616210972,0.49456587624447934,0.8849593544000811
2025-04-16,200.90428161621097,193.08238220214844,200.90428161621097,184.78801,197.49369483232752,200.122085829069,-0.039711636,-0.017121918,-0.0039009848,7.821899414062528,8.294372202148423,4.411312630179083,7.039703626920556
2025-04-17,193.08238220214844,195.7758331298828,193.08238220214844,184.71626,193.02521895215523,193.27027171682312,0.013853347,-0.000296126,0.0009726768,2.693450927734375,11.059573129882807,2.7506141777275843,2.505561413059695
2025-04-21,195.7758331298828,191.97915649414065,195.7758331298828,184.65828,193.74372084828792,195.5568265416514,-0.019583492,-0.010434066,-0.0011192692,3.796676635742159,7.320876494140663,1.764564354147268,3.577670047510736
2025-04-22,191.97915649414065,198.51898193359375,191.97915649414065,184.47223,191.5453008581117,192.27147552560567,0.03349792,-0.002262446,0.0015215275,6.539825439453097,14.046751933593754,6.973681075482062,6.247506407988084
2025-04-23,198.51898193359375,203.34925842285156,198.51898193359375,184.48659,197.1281126897702,197.88388792769183,0.024040263,-0.007030896,-0.0032042828,4.8302764892578125,18.862668422851556,6.221145733081357,5.465370495159732
2025-04-24,203.34925842285156,207.09617614746097,203.34925842285156,184.74936,202.62289748437615,202.8332982908605,0.018258318,-0.0035783653,-0.0025405278,3.7469177246094034,22.34681614746097,4.4732786630848125,4.262877856600454
2025-04-25,207.09617614746097,208.00062561035156,207.09617614746097,185.21335,206.72880951772188,206.80307038410777,0.004357783,-0.0017754439,-0.0014163394,0.9044494628905966,22.78727561035157,1.2718160926296775,1.197555226243793
2025-04-28,208.00062561035156,208.8553771972656,208.00062561035156,185.73535,207.8712793274526,207.84778549000475,0.00410095,-0.0006220713,-0.0007350814,0.8547515869140341,23.120027197265586,0.9840978698129845,1.0075917072608434
2025-04-29,208.8553771972656,209.9188537597656,208.8553771972656,186.25192,208.88490563361117,208.78821618795516,0.005079008,0.00014141866,-0.00032161013,1.0634765625,23.666933759765584,1.0339481261544279,1.1306375718104391
2025-04-30,209.9188537597656,211.2009429931641,209.9188537597656,186.73907,210.0174494128005,209.9085562696073,0.0060889716,0.0004695952,-4.9083843e-05,1.2820892333984943,24.461872993164093,1.1834935803636029,1.2923867235568025
2025-05-01,211.2009429931641,212.0159454345703,211.2009429931641,187.19865,211.34133058287264,211.23495727467343,0.0038514691,0.00066449656,0.00016097946,0.8150024414062216,24.817295434570326,0.6746148516976689,0.7809881598968786
2025-05-02,212.0159454345703,204.09466552734375,212.0159454345703,187.61905,212.17631067917137,212.08312444483815,-0.038077552,0.00075609016,0.00031683437,7.9212799072265625,16.475615527343763,8.081645151827615,7.988458917494398
2025-05-05,204.09466552734375,197.67417907714844,204.09466552734375,187.75757,204.14072217963255,204.3182093843061,-0.031963818,0.00022560573,0.0010946471,6.4204864501953125,9.91660907714845,6.46654310248411,6.644030307157664
2025-05-06,197.67417907714844,197.2964782714844,197.67417907714844,187.58482,197.9324706407624,198.44396381472507,-0.0019125516,0.0013057796,0.0038866703,0.3777008056640341,9.711658271484396,0.6359923692780001,1.1474855432406628
2025-05-07,197.2964782714844,195.05026245117188,197.2964782714844,187.28523,197.6117346280517,197.9477822871559,-0.011450282,0.0015966299,0.0032956917,2.2462158203125284,7.765032451171862,2.5614721768798177,2.8975198359840135
2025-05-08,195.05026245117188,196.28269958496097,195.05026245117188,186.88339,195.34223534412376,195.70022010639877,0.0062986836,0.0014958314,0.0033266633,1.232437133789091,9.399309584960974,0.9404642408372013,0.5824794785621918
2025-05-09,196.28269958496097,197.31634521484375,196.28269958496097,186.5049,196.32617440889229,196.48486453585795,0.005252289,0.00022146094,0.0010294645,1.033645629882784,10.811445214843758,0.9901708059514647,0.8314806789857982
2025-05-12,197.31634521484375,209.776123046875,197.31634521484375,186.20491,197.24948409661377,197.31288748946827,0.061232626,-0.00033888023,-1.7506187e-05,12.45977783203125,23.571213046874988,12.52663895026123,12.463235557406733
2025-05-13,209.776123046875,211.90582275390625,209.776123046875,186.36115,209.46629556697735,209.2104337597557,0.010101062,-0.0014780461,-0.0027002906,2.12969970703125,25.54467275390624,2.439527186928899,2.695388994150562
2025-05-14,211.90582275390625,211.30873107910156,211.90582275390625,186.74062,211.77864553157633,211.60199436149924,-0.0028216993,-0.00060031365,-0.0014348208,0.5970916748046875,24.568111079101556,0.46991445247476804,0.29326328239767463
2025-05-15,211.30873107910156,210.43296813964844,211.30873107910156,187.15073,211.28636239132905,211.1473389816256,-0.0041530835,-0.000105845975,-0.00076408556,0.875762939453125,23.282238139648427,0.8533942516806121,0.7143708419771713
2025-05-16,210.43296813964844,210.2438812255859,210.43296813964844,187.50482,210.491643275318,210.38393840357912,-0.0008989653,0.00027884985,-0.00023303134,0.18908691406252842,22.739061225585914,0.2477620497321027,0.1400571779932136
2025-05-19,210.2438812255859,207.7758026123047,210.2438812255859,187.79172,210.35290537873877,210.2632048168689,-0.011808569,0.0005184688,9.1930735e-05,2.4680786132812216,19.98408261230469,2.5771027664340806,2.487402204564205
2025-05-20,207.7758026123047,205.8650360107422,207.7758026123047,187.95287,207.88163971955328,207.9025198228555,-0.009238836,0.00050921214,0.0006096739,1.9107666015625,17.912166010742197,2.0166037088110897,2.0374838121133223
2025-05-21,205.8650360107422,201.1179962158203,205.8650360107422,187.99272,205.98447717788983,206.0906171096576,-0.023329008,0.0005800676,0.0010951594,4.747039794921875,13.125276215820321,4.866480962069517,4.972620893837274
2025-05-22,201.1179962158203,200.39149475097656,201.1179962158203,187.84406,201.25371944625113,201.61943613181757,-0.0036188546,0.00067456265,0.0024901102,0.72650146484375,12.54743475097655,0.8622246952745627,1.2279413808410027
2025-05-23,200.39149475097656,194.33078002929688,200.39149475097656,187.61208,200.55816500888795,200.84052740655352,-0.030711168,0.0008314181,0.0022382722,6.0607147216796875,6.718700029296883,6.227384979591079,6.5097473772566445
2025-05-27,194.33078002929688,199.24703979492188,194.33078002929688,187.17998,194.64567593251925,195.24136733658452,0.0249837,0.0016190505,0.0046747825,4.916259765625,12.067059794921875,4.601363862402621,4.005672458337358
2025-05-28,199.24703979492188,199.4560089111328,199.24703979492188,186.85686,199.17013050140667,199.0534245675935,0.0010482445,-0.0003860644,-0.00097220996,0.2089691162109375,12.5991489111328,0.28587840972613776,0.40258434353930284
2025-05-29,199.4560089111328,198.98826599121097,199.4560089111328,186.60953,199.3408925214835,199.3205156246686,-0.002347847,-0.000577335,-0.0006795215,0.4677429199218466,12.37873599121096,0.35262653027254487,0.3322496334576215
2025-05-30,198.98826599121097,199.88394165039065,198.98826599121097,186.40347,198.9292475216644,198.9442393515492,0.0044910484,-0.0002966615,-0.00022130564,0.8956756591796875,13.480471650390655,0.9546941287262598,0.9397022988414676
2025-06-02,199.88394165039065,200.7298583984375,199.88394165039065,186.26474,199.8821902907239,199.81468550248067,0.0042231097,-8.784409e-06,-0.00034656574,0.8459167480468466,14.465118398437511,0.8476681077135879,0.9151728959568288
2025-06-03,200.7298583984375,202.29232788085935,200.7298583984375,186.19711,200.7844640656549,200.68362783355408,0.007753803,0.00027203292,-0.0002303496,1.5624694824218466,16.095217880859337,1.5078638152044448,1.6087000473052626
2025-06-04,202.29232788085935,201.844482421875,202.29232788085935,186.21616,202.38615983102133,202.2651019050863,-0.002216307,0.00046372652,-0.00013457262,0.4478454589843466,15.628322421874998,0.541677409146331,0.42061948321131126
2025-06-05,201.844482421875,199.6649932861328,201.844482421875,186.25363,201.95057062184787,201.87441522313748,-0.010856584,0.00052549306,0.00014826522,2.1794891357421875,13.411363286132826,2.285577335715061,2.209421937004663
2025-06-06,199.6649932861328,202.93917846679688,199.6649932861328,186.22667,199.7635570451257,199.79352366492097,0.01626539,0.00049351086,0.0006434892,3.2741851806640625,16.712508466796862,3.175621421671167,3.1456548018759065
2025-06-09,202.93917846679688,200.4810485839844,202.93917846679688,186.2805,203.07458240769847,202.967507574318,-0.012186598,0.0006669352,0.00013963418,2.4581298828124716,14.200548583984414,2.5935338237140684,2.4864589903336025
2025-06-10,200.4810485839844,201.6951904296875,200.4810485839844,186.28116,200.57970449549617,200.5782944424973,0.0060378783,0.00049192813,0.00048496557,1.2141418457030966,15.4140304296875,1.1154859341913266,1.1168959871901905
2025-06-11,201.6951904296875,197.8238983154297,201.6951904296875,186.29799,201.82014678772248,201.7649178567226,-0.019380368,0.00061936013,0.00034563255,3.8712921142578125,11.525908315429689,3.996248472292791,3.941019541292917
2025-06-12,197.8238983154297,198.24188232421875,197.8238983154297,186.19687,197.907262263363,198.04069174494907,0.0021106806,0.00042128144,0.0010953492,0.4179840087890625,12.04501232421876,0.33462006085574103,0.20119057926967798
2025-06-13,198.24188232421875,195.50509643554688,198.24188232421875,186.07306,198.3587675511808,198.41531958274572,-0.013901465,0.0005894691,0.0008744739,2.736785888671875,9.432036435546877,2.853671115633915,2.910223147198849
2025-06-16,195.50509643554688,197.46563720703125,195.50509643554688,185.85997,195.60454323845988,195.79434749506257,0.009978132,0.0005085611,0.001478469,1.960540771484375,11.605667207031246,1.8610939685713674,1.671289711968683
2025-06-17,197.46563720703125,194.69900512695312,197.46563720703125,185.69597,197.56812922768583,197.5555354676835,-0.014109778,0.0005188558,0.00045515946,2.766632080078125,9.003035126953137,2.869124100732705,2.8565303407303873
2025-06-18,194.69900512695312,195.63449096679688,194.69900512695312,185.47319,194.76993467326977,194.90596807345355,0.0047932738,0.0003642406,0.0010623705,0.93548583984375,10.161300966796887,0.8645562935271016,0.7285228933433245
2025-06-20,195.63449096679688,200.03323364257812,195.63449096679688,185.28003,195.7256778311348,195.7447314547062,0.022235444,0.0004660369,0.0005633855,4.39874267578125,14.753203642578114,4.307555811443336,4.288502187871927
2025-06-23,200.03323364257812,200.5308074951172,200.03323364257812,185.26822,200.1173140027313,199.97736288709348,0.0024843672,0.00042020087,-0.00027934334,0.4975738525390625,15.262587495117174,0.4134934923858964,0.5534446080237103
2025-06-24,200.5308074951172,199.33657836914065,200.5308074951172,185.348,200.62332036793305,200.5245682548575,-0.0059731435,0.00046127895,-3.1112926e-05,1.194229125976534,13.98857836914064,1.2867419987923938,1.1879898857168598
2025-06-25,199.33657836914065,200.59051513671875,199.33657836914065,185.42029,199.43215223767768,199.40449237119904,0.0062708477,0.00047933398,0.00034069328,1.2539367675780966,15.170225136718756,1.158362899041066,1.1860227655197093
2025-06-26,200.59051513671875,200.03323364257812,200.59051513671875,185.52356,200.72298901723116,200.66086498445657,-0.002782071,0.00066022365,0.00035069784,0.557281494140625,14.509673642578122,0.689755374653032,0.6276313418784412
2025-06-27,200.03323364257812,200.1128387451172,200.03323364257812,185.6114,200.16615024141356,200.13376761830295,0.0003978802,0.00066425354,0.00050249323,0.0796051025390625,14.501438745117184,0.05331149629637366,0.02092887318576686
2025-06-30,200.1128387451172,204.1831512451172,200.1128387451172,185.68764,200.25246387066545,200.230970236953,0.02013599,0.00069748296,0.0005901929,4.0703125,18.4955112451172,3.930687374451736,3.952181008164189
2025-07-01,204.1831512451172,206.82041931152344,204.1831512451172,185.88339,204.34073182596697,204.25989693115665,0.012833485,0.00077146565,0.0003757415,2.63726806640625,20.937029311523446,2.479687485556468,2.560522380366791
2025-07-02,206.82041931152344,211.418212890625,206.82041931152344,186.18808,206.98826997455035,206.92172635828865,0.021987345,0.00081118755,0.00048974727,4.5977935791015625,25.230132890624986,4.429942916074651,4.496486532336348
2025-07-03,211.418212890625,212.5228576660156,211.418212890625,186.64174,211.60078353097197,211.56796920549823,0.0052113244,0.0008632252,0.00070814113,1.1046447753905966,25.881117666015598,0.9220741350436299,0.9548884605173669
2025-07-07,212.5228576660156,208.9401702880859,212.5228576660156,187.13184,212.71856821483013,212.66265453441153,-0.017001605,0.00092050986,0.00065757486,3.5826873779296875,21.808330288085898,3.778397926744219,3.722484246325621
2025-07-08,208.9401702880859,208.99989318847656,208.9401702880859,187.47887,209.0656299159218,209.034644850004,0.00028579647,0.00060033554,0.0004521039,0.05972290039065342,21.521023188476562,0.06573672744522696,0.03475166152745146
2025-07-09,208.99989318847656,210.12445068359375,208.99989318847656,187.73505,209.1547133131353,209.12217467734445,0.0053662364,0.0007405375,0.00058487145,1.1245574951171875,22.38940068359375,0.9697373704584606,1.0022760062493035
2025-07-10,210.12445068359375,211.38833618164065,210.12445068359375,187.95827,210.2961100173634,210.2641728145973,0.0059969206,0.00081659004,0.00066475524,1.2638854980469034,23.430066181640655,1.092226164277264,1.1241633670433657
2025-07-11,211.38833618164065,210.14437866210935,211.38833618164065,188.17636,211.55850809028564,211.53419061777825,-0.005902086,0.0008047412,0.00068979163,1.2439575195313068,21.96801866210936,1.4141294281762953,1.389811955668904
2025-07-14,210.14437866210935,207.61656188964844,210.14437866210935,188.3339,210.2892745835997,210.30708595984103,-0.012101885,0.0006892987,0.0007740224,2.527816772460909,19.282661889648438,2.6727126939512686,2.6905240701925948
2025-07-15,207.61656188964844,208.10421752929688,207.61656188964844,188.38228,207.7378607713963,207.83240509465213,0.002346074,0.00058409735,0.0010390712,0.4876556396484375,19.721937529296866,0.36635675790057576,0.2718124346447439
2025-07-16,208.10421752929688,209.149169921875,208.10421752929688,188.39664,208.2496665748804,208.30682410532972,0.005008729,0.0006986975,0.00097307283,1.044952392578125,20.75252992187501,0.8995033469946065,0.8423458165452757
2025-07-17,209.149169921875,209.00982666015625,209.149169921875,188.42145,209.29300565258015,209.3140985678474,-0.0006664607,0.00068747724,0.0007882738,0.13934326171875,20.588376660156257,0.283178992423899,0.3042719076911453
2025-07-18,209.00982666015625,210.16424560546875,209.00982666015625,188.44284,209.1418311669404,209.1748447515929,0.0055080787,0.0006313862,0.0007892525,1.1544189453125,21.72140560546876,1.022414438528358,0.9894008538758499
2025-07-21,210.16424560546875,211.4580078125,210.16424560546875,188.49069,210.30619890875823,210.3117357389783,0.0061370875,0.0006751561,0.00070148596,1.29376220703125,22.9673178125,1.1518089037417667,1.1462720735216863
2025-07-22,211.4580078125,213.36875915527344,211.4580078125,188.57632,211.6089770804392,211.5931970233796,0.0089954985,0.0007137026,0.00063907093,1.9107513427734375,24.792439155273428,1.7597820748342485,1.7755621318938495
2025-07-23,213.36875915527344,213.11996459960935,213.36875915527344,188.71716,213.53205531046115,213.5040253473744,-0.0011667112,0.0007650156,0.0006337185,0.24879455566409092,24.40280459960934,0.4120907108517997,0.38406074776506216
2025-07-24,213.11996459960935,212.7318420410156,213.11996459960935,188.85634,213.27702374710495,213.26119588413343,-0.0018228063,0.0007366777,0.00066241913,0.38812255859375,23.875502041015608,0.5451817060893518,0.529353843117832
2025-07-25,212.7318420410156,212.8512725830078,212.7318420410156,188.96988,212.88699214572983,212.8836193173665,0.000561256,0.0007290428,0.00071319035,0.11943054199221592,23.881392583007823,0.03571956272202215,0.03234673435869695
2025-07-28,212.8512725830078,213.02047729492188,212.8512725830078,189.06436,213.01351297341537,213.0130816179826,0.0007946276,0.0007619761,0.00075985503,0.1692047119140625,23.95611729492188,0.006964321506501392,0.007395676939268014
2025-07-29,213.02047729492188,210.2538299560547,213.02047729492188,189.14462,213.1834561137293,213.18736679277208,-0.013072784,0.00076482777,0.00078315,2.7666473388671875,21.109209956054684,2.929626157674619,2.933536836717394
2025-07-30,210.2538299560547,208.0445098876953,210.2538299560547,189.139,210.37915100452665,210.4691816457489,-0.010563469,0.00059582014,0.0010237029,2.209320068359375,18.905509887695302,2.3346411168313352,2.4246717580535915
2025-07-31,208.0445098876953,206.57162475585935,208.0445098876953,189.045,208.17260621709465,208.33810221052772,-0.007104843,0.00061554706,0.0014101524,1.472885131835966,17.52662475585936,1.6009814612353068,1.766477454668376
2025-08-01,206.57162475585935,201.40658569335935,206.57162475585935,188.8865,206.7091568141295,206.8988451659388,-0.025321525,0.00066551653,0.0015828556,5.1650390625,12.520085693359334,5.302571120770153,5.4922594725794625
2025-08-04,201.40658569335935,202.37193298339844,201.40658569335935,188.57744,201.56646519352577,202.01717220315547,0.0047815777,0.0007934709,0.0030270545,0.9653472900390909,13.794492983398442,0.8054677898726652,0.35476078024296953
2025-08-05,202.37193298339844,201.94398498535156,202.37193298339844,188.26543,202.51048064364477,202.69624017418573,-0.0021169,0.00068434,0.0016013011,0.427947998046875,13.678554985351553,0.5664956582932064,0.7522551888341695
2025-08-06,201.94398498535156,212.22430419921875,201.94398498535156,187.96477,202.02077976609507,202.15956406420992,0.0496534,0.0003801672,0.0010669171,10.280319213867188,24.259534199218763,10.203524433123675,10.064740135008833
2025-08-07,212.22430419921875,218.97169494628903,212.22430419921875,187.99017,212.10055360984916,211.82017623957657,0.03129872,-0.0005832551,-0.00190607,6.747390747070284,30.981524946289028,6.871141336439877,7.151518706712466
2025-08-08,218.97169494628903,228.2468719482422,218.97169494628903,188.31477,218.91897900844285,218.7927818301723,0.04148534,-0.000240764,-0.0008173854,9.275177001953153,39.93210194824218,9.32789293979934,9.4540901180699
2025-08-11,228.2468719482422,226.3438720703125,228.2468719482422,188.94318,228.26474835811496,228.315683882136,-0.008372415,7.83719e-05,0.00030142796,1.9029998779296875,37.40069207031249,1.9208762878024572,1.9718118118234997
2025-08-12,226.3438720703125,228.80479431152344,226.3438720703125,189.54996,226.4336421564076,226.3093347363174,0.010813813,0.00039655226,-0.00015260407,2.4609222412109375,39.25483431152344,2.371152155115851,2.4954595752060413
2025-08-13,228.80479431152344,232.47125244140625,228.80479431152344,190.12872,228.9531466098142,228.7969798357999,0.015897358,0.000648197,-3.4161378e-05,3.6664581298828125,42.34253244140626,3.518105831592038,3.6742726056063475
2025-08-14,232.47125244140625,231.92327880859375,232.47125244140625,190.69568,232.6768809191126,232.52484886672755,-0.00235995,0.00088408956,0.00023053377,0.5479736328125,41.22759880859374,0.7536021105188411,0.6015700581338024
2025-08-15,231.92327880859375,230.73764038085935,231.92327880859375,191.16904,232.1210407272956,231.96842702797585,-0.005125313,0.00085231283,0.00019464351,1.1856384277344034,39.56860038085935,1.3834003464362468,1.2307866471165028
2025-08-18,230.73764038085935,230.0402374267578,230.73764038085935,191.5252,230.91642983704511,230.79980409947163,-0.0030270698,0.00077451265,0.0002693314,0.6974029541015341,38.5150374267578,0.8761924102873024,0.7595666727138166
2025-08-19,230.0402374267578,229.71144104003903,230.0402374267578,191.78139,230.220899711152,230.148036977449,-0.0014303218,0.00078500697,0.00046848453,0.3287963867187784,37.93005104003905,0.5094586711129523,0.43659593740997593
2025-08-20,229.71144104003903,225.17819213867188,229.71144104003903,191.96317,229.89162603402653,229.8579440366702,-0.019931864,0.0007841295,0.0006375664,4.533248901367159,33.215022138671884,4.713433895354655,4.6797518979983295
2025-08-21,225.17819213867188,224.07228088378903,225.17819213867188,192.01012,225.3016446239526,225.44131048194689,-0.0049233716,0.0005481117,0.0011677684,1.105911254882841,32.06216088378903,1.2293637401635635,1.3690295981578515
2025-08-22,224.07228088378903,226.9217529296875,224.07228088378903,191.98457,224.2261658203806,224.3865683623407,0.012636575,0.0006865677,0.0014016095,2.849472045898466,34.93718292968751,2.6955871093068993,2.535184567346789
2025-08-25,226.9217529296875,226.3239593505859,226.9217529296875,191.98853,227.05760396042024,227.06831622807655,-0.0026378357,0.00059845904,0.00064569945,0.5977935791015909,34.33542935058591,0.7336446098343288,0.7443568774906453
2025-08-26,226.3239593505859,228.4660491943359,226.3239593505859,191.9872,226.42872237374283,226.47105386571636,0.009420197,0.00046280207,0.00064976065,2.14208984375,36.47884919433591,2.03732682059308,1.9949953286195523
2025-08-27,228.4660491943359,229.64170837402344,228.4660491943359,192.02614,228.58967010942612,228.5783402348552,0.005132687,0.00054089713,0.00049143314,1.1756591796875284,37.61556837402344,1.0520382645973143,1.063368139168233
2025-08-28,229.64170837402344,231.7041015625,229.64170837402344,192.09453,229.780611279999,229.7604355918429,0.008940829,0.00060468516,0.0005168979,2.0623931884765625,39.60957156250001,1.9234902825010067,1.9436659706570936
2025-08-29,231.7041015625,231.28562927246097,231.7041015625,192.20277,231.8650231475476,231.83259576326236,-0.0018076963,0.00069422077,0.000554448,0.4184722900390341,39.08285927246098,0.5793938750866232,0.5469664908013954
2025-09-02,231.28562927246097,228.8745574951172,231.28562927246097,192.30283,231.44590179478655,231.4305169560703,-0.010479367,0.00069276075,0.00062620064,2.4110717773437784,36.57172749511719,2.571344299669363,2.555959460953119
2025-09-03,228.8745574951172,237.59234619140625,228.8745574951172,192.34433,229.01078637427963,229.0565143136901,0.037382305,0.0005949757,0.00079466694,8.717788696289062,45.248016191406236,8.581559817126617,8.535831877716163
2025-09-04,237.59234619140625,238.8975067138672,237.59234619140625,192.51767,237.73605818326175,237.65394918357924,0.005478244,0.0006046373,0.00025920576,1.3051605224609375,46.37983671386718,1.1614485306054405,1.2435575302879442
2025-09-05,238.8975067138672,238.8078460693359,238.8975067138672,192.72491,239.0587536910789,238.976991050391,-0.0003753805,0.00067474984,0.0003327045,0.08966064453127842,46.082936069335915,0.2509076217429822,0.1691449810550978
2025-09-08,238.8078460693359,237.0045166015625,238.8078460693359,192.91628,238.96504699301656,238.89683739266545,-0.007580038,0.00065801584,0.00037255115,1.803329467773409,44.0882366015625,1.960530391454057,1.8923207911029465
2025-09-09,237.0045166015625,233.4875030517578,237.0045166015625,193.04787,237.1552753568394,237.1158057201974,-0.014950641,0.00063587114,0.0004694924,3.5170135498046875,40.43963305175782,3.6677723050815985,3.6283026684395736
2025-09-10,233.4875030517578,225.955322265625,233.4875030517578,193.08742,233.61656875033987,233.70452380911047,-0.032791264,0.00055263285,0.00092906534,7.5321807861328125,32.86790226562499,7.661246484714866,7.749201543485469
2025-09-11,225.955322265625,229.1833953857422,225.955322265625,192.9642,226.1166418105422,226.59691021693288,0.014185246,0.00071367435,0.002835421,3.2280731201171875,36.21919538574218,3.066753575199982,2.586485168809304
2025-09-12,229.1833953857422,233.2085418701172,229.1833953857422,192.85788,229.30450844666305,229.3786843908092,0.017410545,0.0005282674,0.00085172645,4.025146484375,40.35066187011719,3.9040334234541376,3.829857479307975
2025-09-15,233.2085418701172,235.8288421630859,233.2085418701172,192.83348,233.2231371980288,233.123610961984,0.011173214,6.263261e-05,-0.00036426855,2.6203002929687216,42.9953621630859,2.6057049650571003,2.7052312011018955
2025-09-16,235.8288421630859,237.2735137939453,235.8288421630859,192.88211,235.86336491324616,235.76643132810565,0.0061072456,0.00014639669,-0.00026465114,1.4446716308594034,44.3914037939453,1.410148880699154,1.5070824658396589
2025-09-17,237.2735137939453,238.1104278564453,237.2735137939453,192.97284,237.3608867983949,237.2780394270667,0.0035210066,0.00036814943,1.9096653e-05,0.8369140625,45.13758785644532,0.7495410580504256,0.832388429378625
2025-09-18,238.1104278564453,237.0045166015625,238.1104278564453,193.08028,238.2419638303145,238.1639051492311,-0.00465535,0.0005523205,0.00022458035,1.1059112548828125,43.92423660156251,1.2374472287519893,1.1593885476686125
2025-09-19,237.0045166015625,244.5964508056641,237.0045166015625,193.16249,237.14682766796616,237.10902496658673,0.031530514,0.0006002584,0.00044086383,7.591934204101591,51.4339608056641,7.449623137697927,7.4874258390773605
2025-09-22,244.5964508056641,255.13751220703125,244.5964508056641,193.3479,244.76734683491853,244.6667219932606,0.042192955,0.0006984703,0.00028720225,10.541061401367159,61.78961220703124,10.370165372112723,10.470790213770641
2025-09-23,255.13751220703125,253.49359130859375,255.13751220703125,193.69011,255.29399615529837,255.34116945049027,-0.006464121,0.0006131518,0.00079789036,1.6439208984375,59.803481308593746,1.8004048467046232,1.8475781418965198
2025-09-24,253.49359130859375,251.3813934326172,253.49359130859375,194.0012,253.660761659994,253.5698635368899,-0.00836726,0.0006592617,0.0003008821,2.1121978759765625,57.380193432617176,2.279368227376807,2.18847010427271
2025-09-25,251.3813934326172,255.9246063232422,251.3813934326172,194.23434,251.52286762695255,251.423676865832,0.017911611,0.0005625874,0.0001681415,4.543212890625,61.690266323242184,4.401738696289641,4.500929457410194
2025-09-26,255.9246063232422,254.51980590820312,255.9246063232422,194.47147,256.1358172952623,256.00877952442715,-0.005504239,0.0008249746,0.00032888917,1.4048004150390625,60.048335908203114,1.6160113870591886,1.4889736162240297
2025-09-29,254.51980590820312,253.49359130859375,254.51980590820312,194.65274,254.7107122682064,254.61398476094473,-0.004040114,0.00074978766,0.00036991911,1.026214599609375,58.840851308593756,1.2171209596126573,1.1203934523509815
2025-09-30,253.49359130859375,253.69287109375,253.49359130859375,194.781,253.67336289581,253.63005936841364,0.0007858246,0.0007088897,0.00053821143,0.19927978515625,58.911871093749994,0.019508197940012906,0.06281172533635981
2025-10-01,253.69287109375,254.5098571777344,253.69287109375,194.87743,253.8869980024756,253.8663121003774,0.0032152003,0.00076493283,0.00068344956,0.8169860839844034,59.6324271777344,0.6228591752588102,0.643545077357004
2025-10-02,254.5098571777344,256.18365478515625,254.5098571777344,194.9587,254.70767358169545,254.69053151601477,0.0065550217,0.0007769557,0.0007096958,1.6737976074218466,61.22495478515626,1.4759812034608046,1.4931232691414777
2025-10-03,256.18365478515625,257.07037353515625,256.18365478515625,195.04355,256.385032060105,256.36466223262687,0.003455286,0.0007857313,0.0007062861,0.88671875,62.02682353515624,0.6853414750512457,0.7057113025293802
2025-10-06,257.07037353515625,255.74526977539065,257.07037353515625,195.12686,257.26910750536626,257.25611395049054,-0.005167965,0.0007727791,0.00072231755,1.3251037597655966,60.61840977539066,1.523837729975611,1.5108441750998907
2025-10-07,255.74526977539065,255.53607177734375,255.74526977539065,195.18225,255.92249193825776,255.9438329865989,-0.00081832835,0.0006927551,0.00077610026,0.20919799804690342,60.35382177734374,0.3864201609140139,0.4077612092551419
2025-10-08,255.53607177734375,257.1102600097656,255.53607177734375,195.22075,255.7205513060908,255.7513791269448,0.0061414395,0.00072165515,0.00084223546,1.574188232421875,61.889510009765615,1.3897087036748133,1.358880882820813
2025-10-09,257.1102600097656,253.1050262451172,257.1102600097656,195.26723,257.3102508123593,257.3198135909661,-0.015700495,0.00077752466,0.00081472646,4.0052337646484375,57.837796245117175,4.205224567242112,4.21478734584889
2025-10-10,253.1050262451172,244.3673095703125,253.1050262451172,195.26009,253.24237133019776,253.36158276059177,-0.035132065,0.00054246245,0.0010131098,8.737716674804688,49.10721957031251,8.875061759885256,8.994273190279273
2025-10-13,244.3673095703125,246.74851989746097,244.3673095703125,195.13425,244.51680910977305,245.06394479764276,0.009697219,0.00061155437,0.002846669,2.381210327148466,51.61426989746096,2.2317107876879163,1.684575099818204
2025-10-14,246.74851989746097,246.8581085205078,246.74851989746097,195.0217,246.8987702655359,247.0709640115638,0.0004440322,0.00060869823,0.0013058849,0.10958862304684658,51.8364085205078,0.04066174502807485,0.2128554910559899
2025-10-15,246.8581085205078,248.42233276367188,246.8581085205078,194.92223,246.9271166639901,247.04744685533296,0.0063165408,0.00027949468,0.00076673983,1.5642242431640625,53.50010276367186,1.4952160996817838,1.3748859083389107
2025-10-16,248.42233276367188,246.5392913818359,248.42233276367188,194.85986,248.47113704733783,248.47504612831108,-0.0076088747,0.00019644853,0.00021222391,1.883041381835966,51.67943138183591,1.9318456655019247,1.935754746475169
2025-10-17,246.5392913818359,251.36146545410156,246.5392913818359,194.79092,246.5935155144452,246.6818611744038,0.019370627,0.00021989248,0.0005781395,4.822174072265653,56.57054545410156,4.767949939656376,4.67960427969777
2025-10-20,251.36146545410156,261.27484130859375,251.36146545410156,194.79291,251.4505802390886,251.2888761579916,0.03868088,0.0003544634,-0.00028880872,9.913375854492188,66.48193130859374,9.824261069505155,9.98596515060214
2025-10-21,261.27484130859375,261.8028564453125,261.27484130859375,194.93486,261.3476615642285,261.1654707663947,0.0020188792,0.00027865358,-0.00041870016,0.52801513671875,66.86799644531251,0.45519488108402584,0.6373856789177808
2025-10-22,261.8028564453125,257.4988098144531,261.8028564453125,195.0981,261.9331241992477,261.77169392679207,-0.016576666,0.0004974425,-0.00011900789,4.304046630859375,62.40070981445314,4.434314384794561,4.272884112338943
2025-10-23,257.4988098144531,258.6246032714844,257.4988098144531,195.19777,257.583562161195,257.5192228208216,0.004362504,0.00032913015,7.9233665e-05,1.12579345703125,63.426833271484384,1.0410411102893704,1.1053804506627785
2025-10-24,258.6246032714844,261.8527526855469,258.6246032714844,195.28165,258.78578489135543,258.68450684596974,0.012404731,0.0006229875,0.00023157196,3.2281494140625,66.57110268554686,3.0669677941914415,3.168245839577139
2025-10-27,261.8527526855469,267.8206787109375,261.8527526855469,195.38371,262.05078242576565,261.92195696266936,0.022535313,0.0007560208,0.00026425952,5.967926025390625,72.43696871093749,5.769896285171853,5.898721748268144
2025-10-28,267.8206787109375,268.0099792480469,267.8206787109375,195.53943,268.03283171773364,267.9340185415058,0.00070656853,0.00079181767,0.00042307773,0.189300537109375,72.47054924804686,0.022852469686768018,0.07596070654108189
2025-10-29,268.0099792480469,268.7073974609375,268.0099792480469,195.68486,268.22046109953953,268.1245813126043,0.00259883,0.00078504113,0.0004274652,0.697418212890625,73.02253746093751,0.4869363613979658,0.5828161483332224
2025-10-30,268.7073974609375,270.401123046875,268.7073974609375,195.81485,268.9225592122966,268.83427786843095,0.006283452,0.0008003833,0.0004721156,1.6937255859375,74.586273046875,1.478563834578381,1.566845178444055
2025-10-31,270.401123046875,269.37493896484375,270.401123046875,195.93745,270.6388834337704,270.5493687111011,-0.0038022627,0.00087893876,0.0005480896,1.02618408203125,73.43748896484374,1.2639444689266384,1.174429746257374
2025-11-03,269.37493896484375,268.05975341796875,269.37493896484375,196.0282,269.5921444996784,269.53270519675425,-0.004894318,0.00080606143,0.000585542,1.315185546875,72.03155341796875,1.5323910817096476,1.4729517787855002
2025-11-04,268.05975341796875,269.0461730957031,268.05975341796875,196.08511,268.26091148230626,268.25148469454143,0.0036730957,0.0007501195,0.0007149455,0.986419677734375,72.96106309570314,0.7852616133968695,0.794688401161693
2025-11-05,269.0461730957031,269.14581298828125,269.0461730957031,196.13434,269.26311353621713,269.2497071045,0.00037027634,0.0008059484,0.0007562551,0.099639892578125,73.01147298828124,0.11730054793588351,0.10389411621872569
2025-11-06,269.14581298828125,268.7771301269531,269.14581298828125,196.17346,269.352759181711,269.3570906136665,-0.0013707649,0.00076858123,0.00078463566,0.368682861328125,72.60367012695312,0.5756290547578828,0.5799604867133894
2025-11-07,268.7771301269531,267.48193359375,268.7771301269531,196.20094,268.97251450294425,269.00356197102155,-0.0048304973,0.00072670326,0.0008420694,1.295196533203125,71.28099359375,1.4905809091942501,1.5216283772715542
2025-11-10,267.48193359375,268.6986083984375,267.48193359375,196.2092,267.6635581366718,267.7370880165836,0.00453831,0.0006788353,0.00095344917,1.2166748046875,72.48940839843749,1.0350502617657185,0.9615203818539158
2025-11-11,268.6986083984375,274.5028076171875,268.6986083984375,196.22302,268.8948005409766,268.9288819188805,0.02137115,0.0007299356,0.0008566579,5.80419921875,78.27978761718751,5.608007076210924,5.573925698306994
2025-11-12,274.5028076171875,272.7276306152344,274.5028076171875,196.2901,274.70654278757866,274.6857307785249,-0.0064878813,0.0007419368,0.00066614983,1.775177001953125,76.43753061523438,1.9789121723442804,1.95810016329051
2025-11-13,272.7276306152344,272.2090759277344,272.7276306152344,196.34036,272.89711393575635,272.8925948140313,-0.0019031746,0.00062119984,0.000604742,0.5185546875,75.86871592773437,0.6880380080219766,0.6835188862969517
2025-11-14,272.2090759277344,271.6705017089844,272.2090759277344,196.37778,272.3841753213055,272.3959546170554,-0.0019804914,0.00064309774,0.000686286,0.53857421875,75.29272170898437,0.7136736123211449,0.7254529080710199
2025-11-17,271.6705017089844,266.73394775390625,271.6705017089844,196.40038,271.85856516402055,271.87987492007596,-0.018338231,0.00069204345,0.0007704406,4.936553955078125,70.33356775390624,5.124617410114297,5.145927166169713
2025-11-18,266.73394775390625,266.71405029296875,266.73394775390625,196.36896,266.8712797069966,267.06994839023537,-7.4599404e-05,0.00051475083,0.0012588787,0.0198974609375,70.34509029296876,0.15722941402782453,0.3558980972666177
2025-11-19,266.71405029296875,267.8309631347656,266.71405029296875,196.33075,266.89121087649255,267.0299633507384,0.004178935,0.00066397694,0.0011837606,1.116912841796875,71.50021313476563,0.9397522582730744,0.8009997840272263
2025-11-20,267.8309631347656,265.5272521972656,267.8309631347656,196.30466,267.99864866952703,268.0535647243232,-0.008638567,0.00062585867,0.0008307908,2.3037109375,69.22259219726561,2.4713964722614037,2.5263125270575983
2025-11-21,265.5272521972656,270.75299072265625,265.5272521972656,196.2618,265.659499747715,265.79719166836,0.01948945,0.0004979165,0.001016076,5.225738525390625,74.49119072265626,5.093490974941233,4.955799054296222
2025-11-24,270.75299072265625,275.1710205078125,270.75299072265625,196.273,270.8987826417797,270.81053931503993,0.016185865,0.00053829356,0.00021249044,4.41802978515625,78.8980205078125,4.27223786603281,4.360481192772568
2025-11-25,275.1710205078125,276.2181701660156,275.1710205078125,196.33339,275.3288682640414,275.21884719704394,0.0037982282,0.0005735083,0.00017373264,1.047149658203125,79.88478016601562,0.8893019019742496,0.9993229689716827
2025-11-26,276.2181701660156,276.79656982421875,276.2181701660156,196.40625,276.3930495621862,276.3096764439215,0.0020918064,0.0006329642,0.00033127575,0.578399658203125,80.39031982421875,0.40352026203254354,0.4868933802972606
2025-11-28,276.79656982421875,278.0930480957031,276.79656982421875,196.47765,276.9921084013913,276.9171728447327,0.0046729315,0.0007062028,0.00043558597,1.296478271484375,81.61539809570311,1.100939694311819,1.175875250970421
2025-12-01,278.0930480957031,282.3315124511719,278.0930480957031,196.54941,278.31483012339595,278.23480294628826,0.015126193,0.0007972299,0.0005095717,4.23846435546875,85.78210245117188,4.016682327775925,4.09670950488362
2025-12-02,282.3315124511719,285.4131164550781,282.3315124511719,196.64636,282.5830950803247,282.50087215550593,0.0108557055,0.0008907073,0.00059962214,3.08160400390625,88.76675645507814,2.8300213747534144,2.912244299572194
2025-12-03,285.4131164550781,283.378662109375,285.4131164550781,196.75732,285.67897916936636,285.6124964788469,-0.0071536303,0.0009310328,0.0006983359,2.034454345703125,86.62134210937501,2.3003170599913574,2.2338343694718787
2025-12-04,283.378662109375,279.9380187988281,283.378662109375,196.83653,283.59898419788806,283.54169099609135,-0.012215815,0.0007771412,0.00057518436,3.440643310546875,83.10148879882811,3.6609653990599327,3.603672197263222
2025-12-05,279.9380187988281,278.02325439453125,279.9380187988281,196.87,280.1153867924113,280.1433518683516,-0.006863458,0.0006334152,0.000733258,1.914764404296875,81.15325439453125,2.09213239788005,2.1200974738203513
2025-12-08,278.02325439453125,277.1356506347656,278.02325439453125,196.87259,278.2145555286843,278.30682551438804,-0.0031976593,0.00068786694,0.0010194521,0.887603759765625,80.26306063476562,1.0789048939186614,1.1711748796224128
2025-12-09,277.1356506347656,276.4275817871094,277.1356506347656,196.85918,277.33271719885306,277.4469266057349,-0.0025582234,0.0007108244,0.0011225744,0.70806884765625,79.56840178710937,0.9051354117436858,1.019344818625541
2025-12-10,276.4275817871094,278.02325439453125,276.4275817871094,196.83699,276.61149100469993,276.7326911663731,0.005755883,0.00066513446,0.0011031033,1.595672607421875,81.18626439453126,1.4117633898313215,1.2905632281581347
2025-12-11,278.02325439453125,277.2752685546875,278.02325439453125,196.82878,278.20219320660544,278.2388161714771,-0.0026939972,0.00064336206,0.0007750337,0.74798583984375,80.4464885546875,0.9269246519179433,0.9635476167895831
2025-12-12,277.2752685546875,277.5246276855469,277.2752685546875,196.81754,277.4338606284291,277.49358882293745,0.00089891563,0.0005717819,0.0007870082,0.249359130859375,80.70708768554687,0.09076705711777322,0.031038862609420903
2025-12-15,277.5246276855469,273.3658752441406,277.5246276855469,196.8105,277.69107084296775,277.7315981472493,-0.015098576,0.00059950823,0.0007454427,4.15875244140625,76.55537524414063,4.325195598827122,4.36572290310869
2025-12-16,273.3658752441406,273.8645324707031,273.3658752441406,196.76944,273.49570484721335,273.6894064437656,0.0018224769,0.00047475818,0.0011828028,0.4986572265625,77.09509247070312,0.3688276234897785,0.17512602693750523
2025-12-17,273.8645324707031,271.10205078125,273.8645324707031,196.73344,274.0312617024574,274.13403507656403,-0.010138256,0.0006086442,0.0009835339,2.762481689453125,74.36861078125,2.9292109212074138,3.0319842953140324
2025-12-18,271.10205078125,271.4511413574219,271.10205078125,196.67714,271.24686721438775,271.4435538495309,0.0012868439,0.0005340235,0.0012588889,0.349090576171875,74.77400135742187,0.2042741430341266,0.0075875078910030425
2025-12-19,271.4511413574219,272.9271240234375,271.4511413574219,196.62883,271.60653166542033,271.71021149607986,0.00542265,0.0005722536,0.0009539349,1.475982666015625,76.2982940234375,1.3205923580171657,1.2169125273576356
2025-12-22,272.9271240234375,270.23443603515625,272.9271240234375,196.6014,273.07691722858,273.0770473703742,-0.0099149505,0.0005486334,0.0005491313,2.69268798828125,73.63303603515624,2.842481193423737,2.8426113352179527
2025-12-23,270.23443603515625,271.62066650390625,270.23443603515625,196.5576,270.3535973046892,270.4619667317529,0.0051166206,0.00044084567,0.00084162975,1.38623046875,75.06306650390624,1.267069199217076,1.1586997721533407
2025-12-24,271.62066650390625,273.06671142578125,271.62066650390625,196.531,271.7707140646671,271.76287817565026,0.005309645,0.0005522416,0.00052341353,1.446044921875,76.53571142578124,1.2959973611141322,1.3038332501309924
2025-12-26,273.06671142578125,272.6578063964844,273.06671142578125,196.52393,273.2262492123482,273.1584106595619,-0.0014985768,0.00058406434,0.0003357379,0.408905029296875,76.13387639648437,0.5684428158638184,0.5006042630775482
2025-12-29,272.6578063964844,273.0168762207031,272.6578063964844,196.51888,272.81359492135743,272.778978860646,0.0013160584,0.0005711551,0.0004443013,0.35906982421875,76.49799622070313,0.20328129934569006,0.23789736005710438
2025-12-30,273.0168762207031,272.33868408203125,273.0168762207031,196.51933,273.1880364122444,273.1487532117899,-0.0024871575,0.00062674924,0.00048293496,0.678192138671875,75.81935408203125,0.8493523302131507,0.8100691297586309
2025-12-31,272.33868408203125,271.12200927734375,272.33868408203125,196.51437,272.5109774346856,272.49734200824605,-0.0044775154,0.0006324074,0.0005824625,1.2166748046875,74.60763927734374,1.3889681573418784,1.3753327309023007
