date,previous_price,actual_price,actual_return,predicted_return,baseline_price,gru_price,absolute_error
2024-05-07 00:00:00-04:00,179.7504425048828,180.43296813964844,0.0037898826,-0.00016446155,179.7504425048828,179.7208826857286,0.7120854539198263
2024-05-08 00:00:00-04:00,180.43296813964844,180.76931762695312,0.001862389,-2.9945048e-05,180.43296813964844,180.42756930887663,0.3417483180764975
2024-05-09 00:00:00-04:00,180.76931762695312,182.57960510253903,0.009964541,0.0001863105,180.76931762695312,180.80299931090485,1.7766057916341822
2024-05-10 00:00:00-04:00,182.57960510253903,181.32156372070312,-0.00691422,0.00032860634,182.57960510253903,182.63961171761363,1.318047996910508
2024-05-13 00:00:00-04:00,181.32156372070312,184.5210723876953,0.01749162,0.00041229703,181.32156372070312,181.39633074866651,3.124741639028798
2024-05-14 00:00:00-04:00,184.5210723876953,185.66018676757812,0.00615438,0.0005046724,184.5210723876953,184.61422809857868,1.0459586689994467
2024-05-15 00:00:00-04:00,185.66018676757812,187.9285888671875,0.012143995,0.000616019,185.66018676757812,185.77458924119492,2.153999625992583
2024-05-16 00:00:00-04:00,187.9285888671875,188.04747009277344,0.00063238724,0.0007314208,187.9285888671875,188.06609745961032,0.018627366836881265
2024-05-17 00:00:00-04:00,188.04747009277344,188.0771942138672,0.00015805464,0.0006886369,188.04747009277344,188.17701796646907,0.09982375260187837
2024-05-20 00:00:00-04:00,188.0771942138672,189.2361297607422,0.006143113,0.0006991982,188.0771942138672,188.20873557310733,1.0273941876348545
2024-05-21 00:00:00-04:00,189.2361297607422,190.5337677001953,0.0068338383,0.0007525152,189.2361297607422,189.37858798020352,1.1551797199917928
2024-05-22 00:00:00-04:00,190.5337677001953,189.09747314453125,-0.0075668236,0.00079653977,190.5337677001953,190.685606746325,1.5881336017937429
2024-05-23 00:00:00-04:00,189.09747314453125,185.1154022216797,-0.021283187,0.000756215,189.09747314453125,189.24052578980627,4.1251235681265825
2024-05-24 00:00:00-04:00,185.1154022216797,188.1861267089844,0.016452082,0.0011734166,185.1154022216797,185.33274478870408,2.853381920280327
2024-05-28 00:00:00-04:00,188.1861267089844,188.1960601806641,5.278393e-05,0.00061889767,188.1861267089844,188.30262405347824,0.10656387281414936
2024-05-29 00:00:00-04:00,188.1960601806641,188.4932098388672,0.0015776914,0.0006145116,188.1960601806641,188.3117335899224,0.1814762489447901
2024-05-30 00:00:00-04:00,188.4932098388672,189.4837951660156,0.005241523,0.000677689,188.4932098388672,188.6209975343172,0.8627976316983847
2024-05-31 00:00:00-04:00,189.4837951660156,190.43470764160156,0.005005887,0.00067127944,189.4837951660156,189.611034657737,0.8236729838645545
2024-06-03 00:00:00-04:00,190.43470764160156,192.19789123535156,0.009216131,0.0006613046,190.43470764160156,190.56067874344626,1.6372124919053022
2024-06-04 00:00:00-04:00,192.19789123535156,192.514892578125,0.00164799,0.0006260187,192.19789123535156,192.31824678452722,0.19664579359778145
2024-06-05 00:00:00-04:00,192.514892578125,194.02052307128903,0.0077904277,0.0006616368,192.514892578125,192.64230855507776,1.3782145162112727
2024-06-06 00:00:00-04:00,194.02052307128903,192.6436462402344,-0.0071218526,0.0006852341,194.02052307128903,194.15351510139223,1.5098688611578268
2024-06-07 00:00:00-04:00,192.6436462402344,195.03089904785156,0.012315912,0.0007013218,192.6436462402344,192.77879474855948,2.2521042992920854
2024-06-10 00:00:00-04:00,195.03089904785156,191.2965087890625,-0.019333377,0.00065742165,195.03089904785156,195.15916651130283,3.8626577222403284
2024-06-11 00:00:00-04:00,191.2965087890625,205.19400024414065,0.07013125,0.0008176316,191.2965087890625,191.45299203912145,13.741008205019199
2024-06-12 00:00:00-04:00,205.19400024414065,211.05813598632812,0.028177748,-0.00067212456,205.19400024414065,205.0561256429701,6.002010343358023
2024-06-13 00:00:00-04:00,211.05813598632812,212.2170562744141,0.0054759798,0.000115649425,211.05813598632812,211.08254127405962,1.1345150003544688
2024-06-14 00:00:00-04:00,212.2170562744141,210.48361206054688,-0.008201804,9.338546e-05,212.2170562744141,212.23686479986466,1.7532527393177872
2024-06-17 00:00:00-04:00,210.48361206054688,214.6240997314453,0.019480325,-8.342392e-05,210.48361206054688,210.4660479392478,4.1580517921975115
2024-06-18 00:00:00-04:00,214.6240997314453,212.26657104492188,-0.01104523,0.0001948601,214.6240997314453,214.66593151129018,2.3993604663683072
2024-06-20 00:00:00-04:00,212.26657104492188,207.7001037597656,-0.021747665,0.00017237378,212.26657104492188,212.30316084167134,4.603057081905746
2024-06-21 00:00:00-04:00,207.7001037597656,205.5308074951172,-0.010499293,0.00071392674,207.7001037597656,207.84843961258227,2.317632117465081
2024-06-24 00:00:00-04:00,205.5308074951172,206.17466735839844,0.003127772,0.0014239902,205.5308074951172,205.82369461927374,0.35097273912469973
2024-06-25 00:00:00-04:00,206.17466735839844,207.09588623046875,0.004458195,0.001139887,206.17466735839844,206.4098290464026,0.6860571840661578
2024-06-26 00:00:00-04:00,207.09588623046875,211.2364196777344,0.019796073,0.0007590031,207.09588623046875,207.2531225322964,3.9832971454380015
2024-06-27 00:00:00-04:00,211.2364196777344,212.07839965820312,0.0039780373,0.00027629564,211.2364196777344,211.2947900320069,0.7836096261962382
2024-06-28 00:00:00-04:00,212.07839965820312,208.63124084472656,-0.016387722,0.0003690244,212.07839965820312,212.1566718489339,3.5254310042073485
2024-07-01 00:00:00-04:00,208.63124084472656,214.703369140625,0.028689101,0.00064372504,208.63124084472656,208.76559280908623,5.937776331538771
2024-07-02 00:00:00-04:00,214.703369140625,218.1901397705078,0.016109485,7.2972674e-05,214.703369140625,214.71903305791784,3.4711067125899717
2024-07-03 00:00:00-04:00,218.1901397705078,219.45803833007812,0.0057941615,0.0002938729,218.1901397705078,218.25428114946772,1.2037571806104097
2024-07-05 00:00:00-04:00,219.45803833007812,224.2028045654297,0.021389974,0.00042444374,219.45803833007812,219.55119920664947,4.651605358780216
2024-07-08 00:00:00-04:00,224.2028045654297,225.66883850097656,0.0065175886,0.00064860657,224.2028045654297,224.34827993693943,1.3205585640371282
2024-07-09 00:00:00-04:00,225.66883850097656,226.52072143554688,0.0037678177,0.00064588606,225.66883850097656,225.81464637573663,0.7060750598102459
2024-07-10 00:00:00-04:00,226.52072143554688,230.7801055908203,0.018628906,0.0005930706,226.52072143554688,226.65511722929296,4.1249883615273575
2024-07-11 00:00:00-04:00,230.7801055908203,225.4211883544922,-0.023494733,0.0007840667,230.7801055908203,230.9611288422093,5.539940487717104
2024-07-12 00:00:00-04:00,225.4211883544922,228.3631591796875,0.012966565,0.00039706595,225.4211883544922,225.51069998483763,2.852459194849871
2024-07-15 00:00:00-04:00,228.3631591796875,232.18670654296875,0.016604653,0.0003971819,228.3631591796875,228.45386624889215,3.7328402940765955
2024-07-16 00:00:00-04:00,232.18670654296875,232.6027679443359,0.0017903224,0.0005475291,232.18670654296875,232.31386300681334,0.28890493752257385
2024-07-17 00:00:00-04:00,232.6027679443359,226.7188415527344,-0.025621476,0.00059911225,232.6027679443359,232.74215866499614,6.023317112261736
2024-07-18 00:00:00-04:00,226.7188415527344,222.0632171630859,-0.020748565,0.00075107475,226.7188415527344,226.88919268349494,4.825975520409031
2024-07-19 00:00:00-04:00,222.0632171630859,222.1919708251953,0.0005796383,0.0018903879,222.0632171630859,222.483407192949,0.29143636775367554
2024-07-22 00:00:00-04:00,222.1919708251953,221.84527587890625,-0.0015615585,0.00163446,222.1919708251953,222.55543020053665,0.710154321630398
2024-07-23 00:00:00-04:00,221.84527587890625,222.88536071777344,0.0046773786,0.0012847946,221.84527587890625,222.13049618009973,0.7548645376737113
2024-07-24 00:00:00-04:00,222.88536071777344,216.4764709472656,-0.0291757,0.0007084685,222.88536071777344,223.04331940048542,6.566848453219819
2024-07-25 00:00:00-04:00,216.4764709472656,215.43637084960935,-0.0048162593,0.0021745618,216.4764709472656,216.947714428421,1.5113435788116476
2024-07-26 00:00:00-04:00,215.43637084960935,215.9019317626953,0.0021586819,0.002136188,215.43637084960935,215.89708054741274,0.00485121528257082
2024-07-29 00:00:00-04:00,215.9019317626953,216.1792907714844,0.0012838283,0.0010675604,215.9019317626953,216.13253990514204,0.04675086634236436
2024-07-30 00:00:00-04:00,216.1792907714844,216.73399353027344,0.002562652,0.00049878994,216.1792907714844,216.2871406473969,0.44685288287652725
2024-07-31 00:00:00-04:00,216.73399353027344,219.9830322265625,0.014879651,0.00014396769,216.73399353027344,216.76520427038486,3.2178279561776435
2024-08-01 00:00:00-04:00,219.9830322265625,216.2981719970703,-0.016892537,-0.00047781842,219.9830322265625,219.8779394624653,3.57976746539498
2024-08-02 00:00:00-04:00,216.2981719970703,217.7840118408203,0.0068459185,0.00032343564,216.2981719970703,216.36815181241036,1.415860028409952
2024-08-05 00:00:00-04:00,217.7840118408203,207.2939910888672,-0.049365766,7.348473e-05,217.7840118408203,217.80000435725378,10.506013268386596
2024-08-06 00:00:00-04:00,207.2939910888672,205.27325439453125,-0.009795993,0.0034771077,207.2939910888672,208.0160325915367,2.742778197005464
2024-08-07 00:00:00-04:00,205.27325439453125,207.8388214111328,0.012420842,0.004334833,205.27325439453125,206.16500758369511,1.673813827437698
2024-08-08 00:00:00-04:00,207.8388214111328,211.29583740234375,0.016496342,0.00037466007,207.8388214111328,207.91669337936582,3.3791440229779255
2024-08-09 00:00:00-04:00,211.29583740234375,214.1981964111328,0.013642513,-0.0014828366,211.29583740234375,210.98275785315127,3.2154385579815425
2024-08-12 00:00:00-04:00,214.1981964111328,215.7254180908203,0.0071046487,-0.0015380481,214.1981964111328,213.86900673530909,1.8564113555112272
2024-08-13 00:00:00-04:00,215.7254180908203,219.43438720703125,0.017046882,-0.0010518498,215.7254180908203,215.49862450812543,3.935762698905819
2024-08-14 00:00:00-04:00,219.43438720703125,219.88064575195312,0.0020316113,-0.00072266895,219.43438720703125,219.27586598557536,0.6047797663777601
2024-08-15 00:00:00-04:00,219.88064575195312,222.85577392578125,0.013439929,-0.0002358848,219.88064575195312,219.82878567485568,3.0269882509255694
2024-08-16 00:00:00-04:00,222.85577392578125,224.1747283935547,0.005900977,6.574462e-05,222.85577392578125,222.8704386219033,1.3042897716513835
2024-08-19 00:00:00-04:00,224.1747283935547,224.01605224609375,-0.0007080742,0.00022614101,224.1747283935547,224.22542327162773,0.2093710255339829
2024-08-20 00:00:00-04:00,224.01605224609375,224.6309051513672,0.0027409226,0.00031851314,224.01605224609375,224.08740745682735,0.5434976945398375
2024-08-21 00:00:00-04:00,224.6309051513672,224.52183532714844,-0.00048566924,0.0004246729,224.6309051513672,224.72631548822574,0.20448016107729927
2024-08-22 00:00:00-04:00,224.52183532714844,222.66732788085935,-0.00829411,0.00057321205,224.52183532714844,224.65057540272755,1.9832475218682077
2024-08-23 00:00:00-04:00,222.66732788085935,224.9581756591797,0.010235644,0.00073709263,222.66732788085935,222.83150260721956,2.1266730519601253
2024-08-26 00:00:00-04:00,224.9581756591797,225.29534912109375,0.0014977052,0.00066128426,224.9581756591797,225.10698377093468,0.1883653501590743
2024-08-27 00:00:00-04:00,225.29534912109375,226.1383056640625,0.0037345798,0.0006848896,225.29534912109375,225.4496980156182,0.6886076484443038
2024-08-28 00:00:00-04:00,226.1383056640625,224.611083984375,-0.006776393,0.0007032148,226.1383056640625,226.297383563724,1.6862995793489972
2024-08-29 00:00:00-04:00,224.611083984375,227.8836975097656,0.014465009,0.0007760461,224.611083984375,224.78544752346352,3.098249986302079
2024-08-30 00:00:00-04:00,227.8836975097656,227.10028076171875,-0.0034437147,0.00065724447,227.8836975097656,228.0335171928127,0.9332364310939454
2024-09-03 00:00:00-04:00,227.10028076171875,220.9219512939453,-0.02758221,0.0006706368,227.10028076171875,227.25264458419406,6.330693290248746
2024-09-04 00:00:00-04:00,220.9219512939453,219.01788330078125,-0.008656092,0.0013336395,220.9219512939453,221.21678224143216,2.1988989406509063
2024-09-05 00:00:00-04:00,219.01788330078125,220.53518676757812,0.006903874,0.001831704,219.01788330078125,219.41943920197082,1.1157475656073075
2024-09-06 00:00:00-04:00,220.53518676757812,218.98812866210935,-0.007039738,0.0010006872,220.53518676757812,220.7559951583935,1.7678664962841424
2024-09-09 00:00:00-04:00,218.98812866210935,219.07736206054688,0.0004073975,0.0010683277,218.98812866210935,219.22221595641528,0.14485389586840824
2024-09-10 00:00:00-04:00,219.07736206054688,218.2840118408203,-0.0036278972,0.0008273247,219.07736206054688,219.25868584213094,0.9746740013106319
2024-09-11 00:00:00-04:00,218.2840118408203,220.8128662109375,0.011518562,0.0008311839,218.2840118408203,218.4655116775739,2.347354533363614
2024-09-12 00:00:00-04:00,220.8128662109375,220.9219512939453,0.000493894,0.00019505806,220.8128662109375,220.85593054880155,0.06602074514376
2024-09-13 00:00:00-04:00,220.9219512939453,220.6541748046875,-0.0012128215,0.00025983586,220.9219512939453,220.97936366245995,0.32518885777244577
2024-09-16 00:00:00-04:00,220.6541748046875,214.52545166015625,-0.02816827,0.00039859326,220.6541748046875,220.74213547236286,6.216683812206611
2024-09-17 00:00:00-04:00,214.52545166015625,214.99154663085935,0.0021703225,0.0016598161,214.52545166015625,214.8818173609834,0.10972926987594178
2024-09-18 00:00:00-04:00,214.99154663085935,218.8592071533203,0.017829923,0.0012300222,214.99154663085935,215.25616594779055,3.603041205529763
2024-09-19 00:00:00-04:00,218.8592071533203,226.97134399414065,0.03639514,-0.00019779161,218.8592071533203,218.8159237593809,8.15542023475976
2024-09-20 00:00:00-04:00,226.97134399414065,226.306884765625,-0.002931796,-0.00056833646,226.97134399414065,226.84238989049484,0.535505124869843
2024-09-23 00:00:00-04:00,226.306884765625,224.59124755859375,-0.007609903,-0.00022296666,226.306884765625,226.25643612450222,1.6651885659084655
2024-09-24 00:00:00-04:00,224.59124755859375,225.48377990722656,0.003966154,8.368044e-05,224.59124755859375,224.61004245946242,0.8737374477641424
2024-09-25 00:00:00-04:00,225.48377990722656,224.4920959472656,-0.0044077276,0.00025974662,225.48377990722656,225.54235090689872,1.050254959633122
2024-09-26 00:00:00-04:00,224.4920959472656,225.6325531005859,0.0050673056,0.00048447566,224.4920959472656,224.60088162064855,1.0316714799373585
2024-09-27 00:00:00-04:00,225.6325531005859,225.9002990722656,0.0011859424,0.0005047014,225.6325531005859,225.74646399764785,0.1538350746177457
2024-09-30 00:00:00-04:00,225.9002990722656,231.0670928955078,0.022614365,0.00053970085,225.9002990722656,226.022262389004,5.044830506503814
2024-10-01 00:00:00-04:00,231.0670928955078,224.33343505859375,-0.02957462,0.00041174027,231.0670928955078,231.16226205896783,6.828827000374076
2024-10-02 00:00:00-04:00,224.33343505859375,224.898681640625,0.0025165025,0.00063642825,224.33343505859375,224.47624069967424,0.42244094095076434
2024-10-03 00:00:00-04:00,224.898681640625,223.7978973388672,-0.004906596,0.00066850014,224.898681640625,225.0490858082776,1.2511884694104083
2024-10-04 00:00:00-04:00,223.7978973388672,224.9185028076172,0.0049947263,0.000865325,223.7978973388672,223.99163869982658,0.9268641077906068
2024-10-07 00:00:00-04:00,224.9185028076172,219.85089111328125,-0.022788579,0.00064115215,224.9185028076172,225.06275338472187,5.211862271440623
2024-10-08 00:00:00-04:00,219.85089111328125,223.8970489501953,0.018236794,0.0015135021,219.85089111328125,220.18389337330882,3.713155576886493
2024-10-09 00:00:00-04:00,223.8970489501953,227.63577270507812,0.01656052,0.00013729301,223.8970489501953,223.92779653077014,3.707976174307987
2024-10-10 00:00:00-04:00,227.63577270507812,227.1399078369141,-0.002180702,-0.0001738749,227.63577270507812,227.59619441336508,0.45628657645099224
2024-10-11 00:00:00-04:00,227.1399078369141,225.6623077392578,-0.0065264935,0.00011140667,227.1399078369141,227.16522500679824,1.5029172675404254
2024-10-14 00:00:00-04:00,225.6623077392578,229.38119506835935,0.016345559,0.00044343842,225.6623077392578,225.76240652168963,3.6187885466697196
2024-10-15 00:00:00-04:00,229.38119506835935,231.9100341796875,0.0109642865,0.00029138435,229.38119506835935,229.44805205129884,2.461982128388655
2024-10-16 00:00:00-04:00,231.9100341796875,229.85720825195312,-0.00889123,0.00038076122,231.9100341796875,231.99836260786105,2.141154355907929
2024-10-17 00:00:00-04:00,229.85720825195312,230.22412109375,0.0015949915,0.00044684502,229.85720825195312,229.95993503019054,0.26418606355946395
2024-10-18 00:00:00-04:00,230.22412109375,233.05047607421875,0.012201792,0.0005209376,230.22412109375,230.3440825502039,2.7063935240148567
2024-10-21 00:00:00-04:00,233.05047607421875,234.51820373535156,0.0062781475,0.0004966881,233.05047607421875,233.1662705402705,1.3519331950810738
2024-10-22 00:00:00-04:00,234.51820373535156,233.90335083007812,-0.0026252135,0.0005681532,234.51820373535156,234.65147355523186,0.7481227251537348
2024-10-23 00:00:00-04:00,233.90335083007812,228.84567260742188,-0.021860143,0.0006058777,233.90335083007812,234.0451103014493,5.199437694027438
2024-10-24 00:00:00-04:00,228.84567260742188,228.65725708007812,-0.00082366925,0.0010344558,228.84567260742188,229.08252216930123,0.42526508922310313
2024-10-25 00:00:00-04:00,228.65725708007812,229.49026489257812,0.0036364216,0.0011112203,228.65725708007812,228.9114930912001,0.578771801378025
2024-10-28 00:00:00-04:00,229.49026489257812,231.46372985839844,0.008562577,0.0008453862,229.49026489257812,229.68436544292126,1.7793644154771755
2024-10-29 00:00:00-04:00,231.46372985839844,231.7315216064453,0.0011562803,0.0005209771,231.46372985839844,231.5843372301115,0.14718437633382564
2024-10-30 00:00:00-04:00,231.7315216064453,228.1911163330078,-0.015395959,0.0005835375,231.7315216064453,231.86679902807555,3.675682695067735
2024-10-31 00:00:00-04:00,228.1911163330078,224.0359039306641,-0.018377185,0.00096483785,228.1911163330078,228.41140218497094,4.375498254306848
2024-11-01 00:00:00-04:00,224.0359039306641,221.060791015625,-0.013368588,0.0018777048,224.0359039306641,224.45696903006686,3.3961780144418583
2024-11-04 00:00:00-05:00,221.060791015625,220.16824340820312,-0.0040457393,0.0026016692,221.060791015625,221.636672194727,1.468428786523873
2024-11-05 00:00:00-05:00,220.16824340820312,221.5962829589844,0.006465184,0.0021431448,220.16824340820312,220.64059446771353,0.9556884912708767
2024-11-06 00:00:00-05:00,221.5962829589844,220.87234497070312,-0.0032722708,0.0007287864,221.5962829589844,221.7578452666494,0.8855002959462865
2024-11-07 00:00:00-05:00,220.87234497070312,225.59288024902344,0.02114705,0.00059981295,220.87234497070312,221.00486403849573,4.588016210527712
2024-11-08 00:00:00-05:00,225.59288024902344,225.32481384277344,-0.0011889817,-0.0005769266,225.59288024902344,225.46277304236355,0.1379591995901137
2024-11-11 00:00:00-05:00,225.32481384277344,222.6144561767578,-0.012101599,-0.0002088868,225.32481384277344,225.27775370194286,2.663297525185044
2024-11-12 00:00:00-05:00,222.6144561767578,222.6144561767578,0.0,0.00041447592,222.6144561767578,222.70675433618817,0.09229815943035646
2024-11-13 00:00:00-05:00,222.6144561767578,223.49806213378903,0.0039613643,0.0005133393,222.6144561767578,222.7287540987436,0.7693080350454409
2024-11-14 00:00:00-05:00,223.49806213378903,226.57574462890625,0.01367656,0.0003746634,223.49806213378903,223.5818012248619,2.9939434040443587
2024-11-15 00:00:00-05:00,226.57574462890625,223.3789520263672,-0.0142096365,8.883845e-05,226.57574462890625,226.5958670293985,3.2169150030313176
2024-11-18 00:00:00-05:00,223.3789520263672,226.377197265625,0.0133329565,0.00045658066,223.3789520263672,223.48096713605082,2.896230129574178
2024-11-19 00:00:00-05:00,226.377197265625,226.6352996826172,0.0011394937,0.00014936586,226.377197265625,226.41101105549023,0.22428862712695263
2024-11-20 00:00:00-05:00,226.6352996826172,227.35012817382812,0.0031491276,0.00027662725,226.6352996826172,226.69800621635477,0.652121957473355
2024-11-21 00:00:00-05:00,227.35012817382812,226.87355041503903,-0.0020984286,0.00042383856,227.35012817382812,227.4465037650807,0.5729533500416721
2024-11-22 00:00:00-05:00,226.87355041503903,228.2138214111328,0.0058901873,0.0005553295,226.87355041503903,226.99958214103387,1.2142392700989433
2024-11-25 00:00:00-05:00,228.2138214111328,231.1922149658203,0.012966461,0.00054394954,228.2138214111328,228.33798597823625,2.854228987584065
2024-11-26 00:00:00-05:00,231.1922149658203,233.366455078125,0.009360523,0.00050149404,231.1922149658203,231.30818853862002,2.0582665395049844
2024-11-27 00:00:00-05:00,233.366455078125,233.2373809814453,-0.00055324915,0.0005699488,233.366455078125,233.4994876847486,0.26210670330328867
2024-11-29 00:00:00-05:00,233.2373809814453,235.6201171875,0.010164098,0.0006087613,233.2373809814453,233.37940413261094,2.2407130548890564
2024-12-02 00:00:00-05:00,235.6201171875,237.8638153076172,0.00947747,0.0006868137,235.6201171875,235.78198894683737,2.0818263607798144
2024-12-03 00:00:00-05:00,237.8638153076172,240.9017639160156,0.012690926,0.0007640107,237.8638153076172,238.04560290812697,2.8561610078886304
2024-12-04 00:00:00-05:00,240.9017639160156,241.25917053222656,0.0014825203,0.0008472564,240.9017639160156,241.10594696300538,0.15322356922118274
2024-12-05 00:00:00-05:00,241.25917053222656,241.28895568847656,0.00012344948,0.00075817446,241.25917053222656,241.44214377914977,0.15318809067321126
2024-12-06 00:00:00-05:00,241.28895568847656,241.0904083251953,-0.0008232001,0.0007272185,241.28895568847656,241.46450167853436,0.3740933533390489
2024-12-09 00:00:00-05:00,241.0904083251953,244.97222900390625,0.01597285,0.000737319,241.0904083251953,241.268224043406,3.7040049605002423
2024-12-10 00:00:00-05:00,244.97222900390625,245.98487854003903,0.0041252114,0.0007952562,244.97222900390625,245.1671295948472,0.8177489451918234
2024-12-11 00:00:00-05:00,245.98487854003903,244.7141265869141,-0.0051793656,0.00080838636,245.98487854003903,246.183810402872,1.4696838159579215
2024-12-12 00:00:00-05:00,244.7141265869141,246.17352294921875,0.005945966,0.00074923795,244.7141265869141,244.89753219054367,1.2759907586750785
2024-12-13 00:00:00-05:00,246.17352294921875,246.34228515625,0.0006853068,0.0007804476,246.17352294921875,246.36571102163725,0.023425865387252998
2024-12-16 00:00:00-05:00,246.34228515625,249.2313232421875,0.011659502,0.00079527136,246.34228515625,246.53827576769982,2.6930474744876847
2024-12-17 00:00:00-05:00,249.2313232421875,251.65374755859375,0.009672651,0.000829867,249.2313232421875,249.43822848022683,2.215519078366924
2024-12-18 00:00:00-05:00,251.65374755859375,246.2628936767578,-0.021654487,0.0008542497,251.65374755859375,251.86881371930212,5.605920042544312
2024-12-19 00:00:00-05:00,246.2628936767578,247.9903259277344,0.0069900984,0.0007690423,246.2628936767578,246.45236262271283,1.5379633050215773
2024-12-20 00:00:00-05:00,247.9903259277344,252.656494140625,0.018641097,0.0007134313,247.9903259277344,248.16731811539287,4.489176025232126
2024-12-23 00:00:00-05:00,252.656494140625,253.4308624267578,0.0030602184,0.00060984294,252.656494140625,252.810613069596,0.6202493571618106
2024-12-24 00:00:00-05:00,253.4308624267578,256.3397216796875,0.011412549,0.00063981616,253.4308624267578,253.59306696657768,2.7466547131098196
2024-12-26 00:00:00-05:00,256.3397216796875,257.15380859375,0.0031707804,0.00070197607,256.3397216796875,256.51973930602253,0.6340692877274705
2024-12-27 00:00:00-05:00,257.15380859375,253.74855041503903,-0.013330565,0.0006990095,257.15380859375,257.3336315442575,3.58508112921848
2024-12-30 00:00:00-05:00,253.74855041503903,250.38296508789065,-0.013352212,0.0007047934,253.74855041503903,253.92744409169606,3.5444790038054066
2024-12-31 00:00:00-05:00,250.38296508789065,248.61578369140625,-0.007082938,0.0011046262,250.38296508789065,250.65968566767336,2.043901976267108
2025-01-02 00:00:00-05:00,248.61578369140625,242.09312438964844,-0.026586205,0.0014022996,248.61578369140625,248.96467411585036,6.87154972620192
2025-01-03 00:00:00-05:00,242.09312438964844,241.60665893554688,-0.002011436,0.002814453,242.09312438964844,242.77545544385248,1.1687965083056042
2025-01-06 00:00:00-05:00,241.60665893554688,243.23484802246097,0.006716402,0.0023212323,241.60665893554688,242.16814921092373,1.0666988115372362
2025-01-07 00:00:00-05:00,243.23484802246097,240.4649353027344,-0.01145315,0.00083936,243.23484802246097,243.439094813999,2.974159511264588
2025-01-08 00:00:00-05:00,240.4649353027344,240.95138549804688,0.0020209134,0.0012454488,240.4649353027344,240.76460605068863,0.1867794473582478
2025-01-10 00:00:00-05:00,240.95138549804688,235.1435546875,-0.024398994,0.000686006,240.95138549804688,241.11674751356986,5.973192826069862
2025-01-13 00:00:00-05:00,235.1435546875,232.71121215820312,-0.010397946,0.002288809,235.1435546875,235.68237226107158,2.9711601028684527
2025-01-14 00:00:00-05:00,232.71121215820312,231.59927368164065,-0.0047896425,0.0027697072,232.71121215820312,233.3566421344367,1.7573684527960438
2025-01-15 00:00:00-05:00,231.59927368164065,236.15621948242188,0.019484922,0.002165697,231.59927368164065,232.10139465218165,4.0548248302402214
2025-01-16 00:00:00-05:00,236.15621948242188,226.6154632568359,-0.041238945,-0.0009790575,236.15621948242188,235.92511959007606,9.309656333240156
2025-01-17 00:00:00-05:00,226.6154632568359,228.3230438232422,0.0075068986,0.0026647616,226.6154632568359,227.22013257909745,1.1029112441447353
2025-01-21 00:00:00-05:00,228.3230438232422,221.0359344482422,-0.032436196,0.0005904981,228.3230438232422,228.4579101422005,7.421975693958302
2025-01-22 00:00:00-05:00,221.0359344482422,222.2173614501953,0.005330721,0.004371766,221.0359344482422,222.00435897097304,0.21300247922226845
2025-01-23 00:00:00-05:00,222.2173614501953,222.0485992431641,-0.000759735,0.0015562613,222.2173614501953,222.56345818368754,0.5148589405234532
2025-01-24 00:00:00-05:00,222.0485992431641,221.17491149902344,-0.0039424305,0.00069676613,222.0485992431641,222.20337082860172,1.0284593295782827
2025-01-27 00:00:00-05:00,221.17491149902344,228.20391845703125,0.031285767,0.00058963755,221.17491149902344,221.30537098194327,6.89854747508798
2025-01-28 00:00:00-05:00,228.20391845703125,236.5433807373047,0.03589201,-0.0031866096,228.20391845703125,227.47788378265614,9.065496954648552
2025-01-29 00:00:00-05:00,236.5433807373047,237.63546752929688,0.004606231,-0.0026762532,236.5433807373047,235.91117780254717,1.7242897267497028
2025-01-30 00:00:00-05:00,237.63546752929688,235.8781890869141,-0.007422326,-0.0014040294,237.63546752929688,237.30205695210861,1.4238678651945236
2025-01-31 00:00:00-05:00,235.8781890869141,234.29966735839844,-0.006714598,-0.0006777715,235.8781890869141,235.71837548164424,1.418708123245807
2025-02-03 00:00:00-05:00,234.29966735839844,226.3672332763672,-0.03444232,-8.054718e-05,234.29966735839844,234.28080017265074,7.913566896283555
2025-02-04 00:00:00-05:00,226.3672332763672,231.12271118164065,0.020790178,0.0018812238,226.3672332763672,226.7934895535509,4.329221628089755
2025-02-05 00:00:00-05:00,231.12271118164065,230.79510498046875,-0.0014184614,-0.00020066602,231.12271118164065,231.0763412090637,0.2812362285949632
2025-02-06 00:00:00-05:00,230.79510498046875,231.53970336914065,0.0032210383,-1.6995938e-05,230.79510498046875,230.791184389298,0.7485189798426575
2025-02-07 00:00:00-05:00,231.53970336914065,225.9900054931641,-0.024260588,7.037213e-05,231.53970336914065,231.5559883624301,5.5659828692660085
2025-02-10 00:00:00-05:00,225.9900054931641,226.25831604003903,0.001186563,0.0013825586,225.9900054931641,226.30267238661693,0.04435634657789933
2025-02-11 00:00:00-05:00,226.25831604003903,231.1979522705078,0.021596942,0.0010758475,226.25831604003903,226.50187404082314,4.696078229684673
2025-02-12 00:00:00-05:00,231.1979522705078,235.42198181152344,0.01810529,-0.00044392888,231.1979522705078,231.09534287735187,4.326638934171569
2025-02-13 00:00:00-05:00,235.42198181152344,240.05349731445312,0.019482233,-0.0004022203,235.42198181152344,235.32730626396642,4.726191050486705
2025-02-14 00:00:00-05:00,240.05349731445312,243.1047210693359,0.012630497,-3.4867786e-05,240.05349731445312,240.04512695694393,3.059594112391977
2025-02-18 00:00:00-05:00,243.1047210693359,242.97552490234375,-0.0005315837,0.00037315855,243.1047210693359,243.1954585172734,0.21993361492965846
2025-02-19 00:00:00-05:00,242.97552490234375,243.373046875,0.0016347208,0.0003413136,242.97552490234375,243.0584804896498,0.3145663853501901
2025-02-20 00:00:00-05:00,243.373046875,244.3271942138672,0.0039128484,0.0004487788,243.373046875,243.48227828997187,0.8449159238953143
2025-02-21 00:00:00-05:00,244.3271942138672,244.0489196777344,-0.0011395911,0.0005366395,244.3271942138672,244.45834891266168,0.40942923492727346
2025-02-24 00:00:00-05:00,244.0489196777344,245.5894470214844,0.0062925313,0.00061274716,244.0489196777344,244.19851536094941,1.3909316605349886
2025-02-25 00:00:00-05:00,245.5894470214844,245.52981567382812,-0.00024283864,0.00068192906,245.5894470214844,245.75696740339484,0.2271517295667138
2025-02-26 00:00:00-05:00,245.52981567382812,238.89064025878903,-0.027412515,0.0006998699,245.52981567382812,245.70171506493716,6.811074806148127
2025-02-27 00:00:00-05:00,238.89064025878903,235.849365234375,-0.012812557,0.0011953522,238.89064025878903,239.17635986730053,3.3269946329255333
2025-02-28 00:00:00-05:00,235.849365234375,240.36160278320312,0.018951148,0.001977713,235.849365234375,236.31627826791373,4.045324515289394
2025-03-03 00:00:00-05:00,240.36160278320312,236.57489013671875,-0.015879652,0.00038506615,240.36160278320312,240.45418171150595,3.879291574787203
2025-03-04 00:00:00-05:00,236.57489013671875,234.4877166748047,-0.0088616125,0.0009209281,236.57489013671875,236.79286281178793,2.3051461369832396
2025-03-05 00:00:00-05:00,234.4877166748047,234.29888916015625,-0.00080560124,0.0013822331,234.4877166748047,234.81205665786,0.5131674977037619
2025-03-06 00:00:00-05:00,234.29888916015625,233.89138793945312,-0.0017407507,0.0011070947,234.29888916015625,234.55842033363297,0.6670323941798415
2025-03-07 00:00:00-05:00,233.89138793945312,237.60853576660156,0.015767658,0.0008913024,233.89138793945312,234.09994549534167,3.508590271259891
2025-03-10 00:00:00-04:00,237.60853576660156,226.08938598632812,-0.04969408,-5.2229152e-05,237.60853576660156,237.59612935320547,11.506743366877345
2025-03-11 00:00:00-04:00,226.08938598632812,219.48995971679688,-0.029623944,0.0026578302,226.08938598632812,226.69108838345346,7.201128666656587
2025-03-12 00:00:00-04:00,219.48995971679688,215.653564453125,-0.017633239,0.0065299105,219.48995971679688,220.92789676501707,5.274332311892067
2025-03-13 00:00:00-04:00,215.653564453125,208.39816284179688,-0.034222756,0.007802108,215.653564453125,217.34270256190212,8.94453972010524
2025-03-14 00:00:00-04:00,208.39816284179688,212.18492126464844,0.01800767,0.011265442,208.39816284179688,210.75914189861214,1.425779366036295
2025-03-17 00:00:00-04:00,212.18492126464844,212.69178771972656,0.0023859472,0.0013017376,212.18492126464844,212.4613133233379,0.23047439638867218
2025-03-18 00:00:00-04:00,212.69178771972656,211.38980102539065,-0.0061402847,0.00061683403,212.69178771972656,212.82302435555903,1.4332233301683743
2025-03-19 00:00:00-04:00,211.38980102539065,213.9241943359375,0.011917893,0.0008686885,211.38980102539065,211.57350631349985,2.3506880224376516
2025-03-20 00:00:00-04:00,213.9241943359375,212.7911834716797,-0.0053103943,-0.0018474158,213.9241943359375,213.5293507217284,0.7381672500487184
2025-03-21 00:00:00-04:00,212.7911834716797,216.93568420410156,0.019289596,-0.00079205947,212.7911834716797,212.62271062791024,4.312973576191325
2025-03-24 00:00:00-04:00,216.93568420410156,219.38064575195312,0.011207406,-0.0024174931,216.93568420410156,216.41187473731588,2.968771014637241
2025-03-25 00:00:00-04:00,219.38064575195312,222.38217163085935,0.0135890655,-0.0019358032,219.38064575195312,218.95637843417717,3.4257931966821786
2025-03-26 00:00:00-04:00,222.38217163085935,220.1757354736328,-0.00997137,-0.001320993,222.38217163085935,222.08859966175075,1.9128641881179362
2025-03-27 00:00:00-04:00,220.1757354736328,222.48158264160156,0.010418299,-0.00046454242,220.1757354736328,220.0734771888965,2.4081054527050583
2025-03-28 00:00:00-04:00,222.48158264160156,216.56793212890625,-0.026940053,-0.0002603468,222.48158264160156,222.4236721353891,5.855740006482847
2025-03-31 00:00:00-04:00,216.56793212890625,220.7720947265625,0.01922665,0.0007113861,216.56793212890625,216.7220590775978,4.050035648964695
2025-04-01 00:00:00-04:00,220.7720947265625,221.8255920410156,0.0047605275,-0.00022262556,220.7720947265625,220.72294570363738,1.1026463373782178
2025-04-02 00:00:00-04:00,221.8255920410156,222.5213165283203,0.0031314502,-8.7539316e-05,221.8255920410156,221.80616916449614,0.7151473638241725
2025-04-03 00:00:00-04:00,222.5213165283203,201.9478454589844,-0.09701343,0.00013026205,222.5213165283203,222.5503101109225,20.602464651938106
2025-04-04 00:00:00-04:00,201.9478454589844,187.2283935546875,-0.07568025,0.006734363,201.9478454589844,203.3124353556814,16.0840418009939
2025-04-07 00:00:00-04:00,187.2283935546875,180.35072326660156,-0.037425805,0.018039446,187.2283935546875,190.63653808443632,10.285814817834762
2025-04-08 00:00:00-04:00,180.35072326660156,171.36598205566406,-0.051101904,0.019642921,180.35072326660156,183.9283660001638,12.562383944499743
2025-04-09 00:00:00-04:00,171.36598205566406,197.6343994140625,0.14261734,0.021132905,171.36598205566406,175.0259780975648,22.608421316497697
2025-04-10 00:00:00-04:00,197.6343994140625,189.25592041015625,-0.043318678,-0.026361017,197.6343994140625,192.4926256857725,3.2367052756162593
2025-04-11 00:00:00-04:00,189.25592041015625,196.9386749267578,0.03979221,0.0020538718,189.25592041015625,189.64503107778,7.293643848977808
2025-04-14 00:00:00-04:00,196.9386749267578,201.281982421875,0.021814438,-0.0123271495,196.9386749267578,194.52588147661118,6.7561009452638245
2025-04-15 00:00:00-04:00,201.281982421875,200.90428161621097,-0.0018782389,-0.0062928624,201.281982421875,200.01932226181088,0.8849593544000811
2025-04-16 00:00:00-04:00,200.90428161621097,193.08238220214844,-0.039711636,-0.0039009848,200.90428161621097,200.122085829069,7.039703626920556
2025-04-17 00:00:00-04:00,193.08238220214844,195.7758331298828,0.013853347,0.0009726768,193.08238220214844,193.27027171682312,2.505561413059695
2025-04-21 00:00:00-04:00,195.7758331298828,191.97915649414065,-0.019583492,-0.0011192692,195.7758331298828,195.5568265416514,3.577670047510736
2025-04-22 00:00:00-04:00,191.97915649414065,198.51898193359375,0.03349792,0.0015215275,191.97915649414065,192.27147552560567,6.247506407988084
2025-04-23 00:00:00-04:00,198.51898193359375,203.34925842285156,0.024040263,-0.0032042828,198.51898193359375,197.88388792769183,5.465370495159732
2025-04-24 00:00:00-04:00,203.34925842285156,207.09617614746097,0.018258318,-0.0025405278,203.34925842285156,202.8332982908605,4.262877856600454
2025-04-25 00:00:00-04:00,207.09617614746097,208.00062561035156,0.004357783,-0.0014163394,207.09617614746097,206.80307038410777,1.197555226243793
2025-04-28 00:00:00-04:00,208.00062561035156,208.8553771972656,0.00410095,-0.0007350814,208.00062561035156,207.84778549000475,1.0075917072608434
2025-04-29 00:00:00-04:00,208.8553771972656,209.9188537597656,0.005079008,-0.00032161013,208.8553771972656,208.78821618795516,1.1306375718104391
2025-04-30 00:00:00-04:00,209.9188537597656,211.2009429931641,0.0060889716,-4.9083843e-05,209.9188537597656,209.90855626960726,1.292386723556831
2025-05-01 00:00:00-04:00,211.2009429931641,212.0159454345703,0.0038514691,0.00016097946,211.2009429931641,211.23495727467346,0.7809881598968502
2025-05-02 00:00:00-04:00,212.0159454345703,204.09466552734375,-0.038077552,0.00031683437,212.0159454345703,212.08312444483818,7.988458917494427
2025-05-05 00:00:00-04:00,204.09466552734375,197.67417907714844,-0.031963818,0.0010946471,204.09466552734375,204.3182093843061,6.644030307157664
2025-05-06 00:00:00-04:00,197.67417907714844,197.2964782714844,-0.0019125516,0.0038866703,197.67417907714844,198.44396381472507,1.1474855432406628
2025-05-07 00:00:00-04:00,197.2964782714844,195.05026245117188,-0.011450282,0.0032956917,197.2964782714844,197.9477822871559,2.8975198359840135
2025-05-08 00:00:00-04:00,195.05026245117188,196.28269958496097,0.0062986836,0.0033266633,195.05026245117188,195.70022010639877,0.5824794785621918
2025-05-09 00:00:00-04:00,196.28269958496097,197.31634521484375,0.005252289,0.0010294645,196.28269958496097,196.48486453585795,0.8314806789857982
2025-05-12 00:00:00-04:00,197.31634521484375,209.776123046875,0.061232626,-1.7506187e-05,197.31634521484375,197.31288748946827,12.463235557406733
2025-05-13 00:00:00-04:00,209.776123046875,211.90582275390625,0.010101062,-0.0027002906,209.776123046875,209.2104337597557,2.695388994150562
2025-05-14 00:00:00-04:00,211.90582275390625,211.30873107910156,-0.0028216993,-0.0014348208,211.90582275390625,211.60199436149924,0.29326328239767463
2025-05-15 00:00:00-04:00,211.30873107910156,210.43296813964844,-0.0041530835,-0.00076408556,211.30873107910156,211.14733898162558,0.7143708419771428
2025-05-16 00:00:00-04:00,210.43296813964844,210.2438812255859,-0.0008989653,-0.00023303134,210.43296813964844,210.38393840357912,0.1400571779932136
2025-05-19 00:00:00-04:00,210.2438812255859,207.7758026123047,-0.011808569,9.1930735e-05,210.2438812255859,210.26320481686886,2.4874022045641766
2025-05-20 00:00:00-04:00,207.7758026123047,205.8650360107422,-0.009238836,0.0006096739,207.7758026123047,207.90251982285554,2.0374838121133507
2025-05-21 00:00:00-04:00,205.8650360107422,201.1179962158203,-0.023329008,0.0010951594,205.8650360107422,206.09061710965761,4.972620893837302
2025-05-22 00:00:00-04:00,201.1179962158203,200.39149475097656,-0.0036188546,0.0024901102,201.1179962158203,201.61943613181757,1.2279413808410027
2025-05-23 00:00:00-04:00,200.39149475097656,194.33078002929688,-0.030711168,0.0022382722,200.39149475097656,200.84052740655352,6.5097473772566445
2025-05-27 00:00:00-04:00,194.33078002929688,199.24703979492188,0.0249837,0.0046747825,194.33078002929688,195.24136733658452,4.005672458337358
2025-05-28 00:00:00-04:00,199.24703979492188,199.4560089111328,0.0010482445,-0.00097220996,199.24703979492188,199.05342456759354,0.4025843435392744
2025-05-29 00:00:00-04:00,199.4560089111328,198.98826599121097,-0.002347847,-0.0006795215,199.4560089111328,199.3205156246686,0.3322496334576215
2025-05-30 00:00:00-04:00,198.98826599121097,199.88394165039065,0.0044910484,-0.00022130564,198.98826599121097,198.94423935154921,0.9397022988414392
2025-06-02 00:00:00-04:00,199.88394165039065,200.7298583984375,0.0042231097,-0.00034656574,199.88394165039065,199.81468550248067,0.9151728959568288
2025-06-03 00:00:00-04:00,200.7298583984375,202.29232788085935,0.007753803,-0.0002303496,200.7298583984375,200.68362783355406,1.608700047305291
2025-06-04 00:00:00-04:00,202.29232788085935,201.844482421875,-0.002216307,-0.00013457262,202.29232788085935,202.2651019050863,0.42061948321131126
2025-06-05 00:00:00-04:00,201.844482421875,199.6649932861328,-0.010856584,0.00014826522,201.844482421875,201.87441522313748,2.209421937004663
2025-06-06 00:00:00-04:00,199.6649932861328,202.93917846679688,0.01626539,0.0006434892,199.6649932861328,199.79352366492094,3.145654801875935
2025-06-09 00:00:00-04:00,202.93917846679688,200.4810485839844,-0.012186598,0.00013963418,202.93917846679688,202.967507574318,2.4864589903336025
2025-06-10 00:00:00-04:00,200.4810485839844,201.6951904296875,0.0060378783,0.00048496557,200.4810485839844,200.5782944424973,1.1168959871901905
2025-06-11 00:00:00-04:00,201.6951904296875,197.8238983154297,-0.019380368,0.00034563255,201.6951904296875,201.7649178567226,3.941019541292917
2025-06-12 00:00:00-04:00,197.8238983154297,198.24188232421875,0.0021106806,0.0010953492,197.8238983154297,198.04069174494907,0.20119057926967798
2025-06-13 00:00:00-04:00,198.24188232421875,195.50509643554688,-0.013901465,0.0008744739,198.24188232421875,198.41531958274572,2.910223147198849
2025-06-16 00:00:00-04:00,195.50509643554688,197.46563720703125,0.009978132,0.001478469,195.50509643554688,195.79434749506254,1.6712897119687113
2025-06-17 00:00:00-04:00,197.46563720703125,194.69900512695312,-0.014109778,0.00045515946,197.46563720703125,197.5555354676835,2.8565303407303873
2025-06-18 00:00:00-04:00,194.69900512695312,195.63449096679688,0.0047932738,0.0010623705,194.69900512695312,194.90596807345355,0.7285228933433245
2025-06-20 00:00:00-04:00,195.63449096679688,200.03323364257812,0.022235444,0.0005633855,195.63449096679688,195.7447314547062,4.288502187871927
2025-06-23 00:00:00-04:00,200.03323364257812,200.5308074951172,0.0024843672,-0.00027934334,200.03323364257812,199.97736288709348,0.5534446080237103
2025-06-24 00:00:00-04:00,200.5308074951172,199.33657836914065,-0.0059731435,-3.1112926e-05,200.5308074951172,200.5245682548575,1.1879898857168598
2025-06-25 00:00:00-04:00,199.33657836914065,200.59051513671875,0.0062708477,0.00034069328,199.33657836914065,199.40449237119904,1.1860227655197093
2025-06-26 00:00:00-04:00,200.59051513671875,200.03323364257812,-0.002782071,0.00035069784,200.59051513671875,200.66086498445657,0.6276313418784412
2025-06-27 00:00:00-04:00,200.03323364257812,200.1128387451172,0.0003978802,0.00050249323,200.03323364257812,200.13376761830295,0.02092887318576686
2025-06-30 00:00:00-04:00,200.1128387451172,204.1831512451172,0.02013599,0.0005901929,200.1128387451172,200.230970236953,3.952181008164189
2025-07-01 00:00:00-04:00,204.1831512451172,206.82041931152344,0.012833485,0.0003757415,204.1831512451172,204.25989693115662,2.5605223803668196
2025-07-02 00:00:00-04:00,206.82041931152344,211.418212890625,0.021987345,0.00048974727,206.82041931152344,206.92172635828865,4.496486532336348
2025-07-03 00:00:00-04:00,211.418212890625,212.5228576660156,0.0052113244,0.00070814113,211.418212890625,211.56796920549823,0.9548884605173669
2025-07-07 00:00:00-04:00,212.5228576660156,208.9401702880859,-0.017001605,0.00065757486,212.5228576660156,212.66265453441153,3.722484246325621
2025-07-08 00:00:00-04:00,208.9401702880859,208.99989318847656,0.00028579647,0.0004521039,208.9401702880859,209.034644850004,0.03475166152745146
2025-07-09 00:00:00-04:00,208.99989318847656,210.12445068359375,0.0053662364,0.00058487145,208.99989318847656,209.12217467734445,1.0022760062493035
2025-07-10 00:00:00-04:00,210.12445068359375,211.38833618164065,0.0059969206,0.00066475524,210.12445068359375,210.26417281459726,1.1241633670433941
2025-07-11 00:00:00-04:00,211.38833618164065,210.14437866210935,-0.005902086,0.00068979163,211.38833618164065,211.53419061777825,1.389811955668904
2025-07-14 00:00:00-04:00,210.14437866210935,207.61656188964844,-0.012101885,0.0007740224,210.14437866210935,210.30708595984103,2.6905240701925948
2025-07-15 00:00:00-04:00,207.61656188964844,208.10421752929688,0.002346074,0.0010390712,207.61656188964844,207.83240509465213,0.2718124346447439
2025-07-16 00:00:00-04:00,208.10421752929688,209.149169921875,0.005008729,0.00097307283,208.10421752929688,208.30682410532972,0.8423458165452757
2025-07-17 00:00:00-04:00,209.149169921875,209.00982666015625,-0.0006664607,0.0007882738,209.149169921875,209.3140985678474,0.3042719076911453
2025-07-18 00:00:00-04:00,209.00982666015625,210.16424560546875,0.0055080787,0.0007892525,209.00982666015625,209.1748447515929,0.9894008538758499
2025-07-21 00:00:00-04:00,210.16424560546875,211.4580078125,0.0061370875,0.00070148596,210.16424560546875,210.3117357389783,1.1462720735216863
2025-07-22 00:00:00-04:00,211.4580078125,213.36875915527344,0.0089954985,0.00063907093,211.4580078125,211.59319702337962,1.775562131893821
2025-07-23 00:00:00-04:00,213.36875915527344,213.11996459960935,-0.0011667112,0.0006337185,213.36875915527344,213.5040253473744,0.38406074776506216
2025-07-24 00:00:00-04:00,213.11996459960935,212.7318420410156,-0.0018228063,0.00066241913,213.11996459960935,213.26119588413346,0.5293538431178604
2025-07-25 00:00:00-04:00,212.7318420410156,212.8512725830078,0.000561256,0.00071319035,212.7318420410156,212.8836193173665,0.03234673435869695
2025-07-28 00:00:00-04:00,212.8512725830078,213.02047729492188,0.0007946276,0.00075985503,212.8512725830078,213.0130816179826,0.007395676939268014
2025-07-29 00:00:00-04:00,213.02047729492188,210.2538299560547,-0.013072784,0.00078315,213.02047729492188,213.18736679277208,2.933536836717394
2025-07-30 00:00:00-04:00,210.2538299560547,208.0445098876953,-0.010563469,0.0010237029,210.2538299560547,210.4691816457489,2.4246717580535915
2025-07-31 00:00:00-04:00,208.0445098876953,206.57162475585935,-0.007104843,0.0014101524,208.0445098876953,208.33810221052772,1.766477454668376
2025-08-01 00:00:00-04:00,206.57162475585935,201.40658569335935,-0.025321525,0.0015828556,206.57162475585935,206.8988451659388,5.4922594725794625
2025-08-04 00:00:00-04:00,201.40658569335935,202.37193298339844,0.0047815777,0.0030270545,201.40658569335935,202.01717220315547,0.35476078024296953
2025-08-05 00:00:00-04:00,202.37193298339844,201.94398498535156,-0.0021169,0.0016013011,202.37193298339844,202.69624017418573,0.7522551888341695
2025-08-06 00:00:00-04:00,201.94398498535156,212.22430419921875,0.0496534,0.0010669171,201.94398498535156,202.15956406420992,10.064740135008833
2025-08-07 00:00:00-04:00,212.22430419921875,218.97169494628903,0.03129872,-0.00190607,212.22430419921875,211.82017623957654,7.151518706712494
2025-08-08 00:00:00-04:00,218.97169494628903,228.2468719482422,0.04148534,-0.0008173854,218.97169494628903,218.7927818301723,9.4540901180699
2025-08-11 00:00:00-04:00,228.2468719482422,226.3438720703125,-0.008372415,0.00030142796,228.2468719482422,228.315683882136,1.9718118118234997
2025-08-12 00:00:00-04:00,226.3438720703125,228.80479431152344,0.010813813,-0.00015260407,226.3438720703125,226.3093347363174,2.4954595752060413
2025-08-13 00:00:00-04:00,228.80479431152344,232.47125244140625,0.015897358,-3.4161378e-05,228.80479431152344,228.7969798357999,3.6742726056063475
2025-08-14 00:00:00-04:00,232.47125244140625,231.92327880859375,-0.00235995,0.00023053377,232.47125244140625,232.52484886672755,0.6015700581338024
2025-08-15 00:00:00-04:00,231.92327880859375,230.73764038085935,-0.005125313,0.00019464351,231.92327880859375,231.96842702797585,1.2307866471165028
2025-08-18 00:00:00-04:00,230.73764038085935,230.0402374267578,-0.0030270698,0.0002693314,230.73764038085935,230.79980409947163,0.7595666727138166
2025-08-19 00:00:00-04:00,230.0402374267578,229.71144104003903,-0.0014303218,0.00046848453,230.0402374267578,230.148036977449,0.43659593740997593
2025-08-20 00:00:00-04:00,229.71144104003903,225.17819213867188,-0.019931864,0.0006375664,229.71144104003903,229.8579440366702,4.6797518979983295
2025-08-21 00:00:00-04:00,225.17819213867188,224.07228088378903,-0.0049233716,0.0011677684,225.17819213867188,225.44131048194686,1.369029598157823
2025-08-22 00:00:00-04:00,224.07228088378903,226.9217529296875,0.012636575,0.0014016095,224.07228088378903,224.38656836234074,2.535184567346761
2025-08-25 00:00:00-04:00,226.9217529296875,226.3239593505859,-0.0026378357,0.00064569945,226.9217529296875,227.06831622807658,0.7443568774906737
2025-08-26 00:00:00-04:00,226.3239593505859,228.4660491943359,0.009420197,0.00064976065,226.3239593505859,226.47105386571636,1.9949953286195523
2025-08-27 00:00:00-04:00,228.4660491943359,229.64170837402344,0.005132687,0.00049143314,228.4660491943359,228.57834023485518,1.0633681391682615
2025-08-28 00:00:00-04:00,229.64170837402344,231.7041015625,0.008940829,0.0005168979,229.64170837402344,229.7604355918429,1.9436659706570936
2025-08-29 00:00:00-04:00,231.7041015625,231.28562927246097,-0.0018076963,0.000554448,231.7041015625,231.83259576326236,0.5469664908013954
2025-09-02 00:00:00-04:00,231.28562927246097,228.8745574951172,-0.010479367,0.00062620064,231.28562927246097,231.4305169560703,2.555959460953119
2025-09-03 00:00:00-04:00,228.8745574951172,237.59234619140625,0.037382305,0.00079466694,228.8745574951172,229.05651431369006,8.535831877716191
2025-09-04 00:00:00-04:00,237.59234619140625,238.8975067138672,0.005478244,0.00025920576,237.59234619140625,237.65394918357924,1.2435575302879442
2025-09-05 00:00:00-04:00,238.8975067138672,238.8078460693359,-0.0003753805,0.0003327045,238.8975067138672,238.976991050391,0.1691449810550978
2025-09-08 00:00:00-04:00,238.8078460693359,237.0045166015625,-0.007580038,0.00037255115,238.8078460693359,238.89683739266545,1.8923207911029465
2025-09-09 00:00:00-04:00,237.0045166015625,233.4875030517578,-0.014950641,0.0004694924,237.0045166015625,237.1158057201974,3.6283026684395736
2025-09-10 00:00:00-04:00,233.4875030517578,225.955322265625,-0.032791264,0.00092906534,233.4875030517578,233.70452380911047,7.749201543485469
2025-09-11 00:00:00-04:00,225.955322265625,229.1833953857422,0.014185246,0.002835421,225.955322265625,226.59691021693288,2.586485168809304
2025-09-12 00:00:00-04:00,229.1833953857422,233.2085418701172,0.017410545,0.00085172645,229.1833953857422,229.3786843908092,3.829857479307975
2025-09-15 00:00:00-04:00,233.2085418701172,235.8288421630859,0.011173214,-0.00036426855,233.2085418701172,233.123610961984,2.7052312011018955
2025-09-16 00:00:00-04:00,235.8288421630859,237.2735137939453,0.0061072456,-0.00026465114,235.8288421630859,235.76643132810565,1.5070824658396589
2025-09-17 00:00:00-04:00,237.2735137939453,238.1104278564453,0.0035210066,1.9096653e-05,237.2735137939453,237.2780394270667,0.832388429378625
2025-09-18 00:00:00-04:00,238.1104278564453,237.0045166015625,-0.00465535,0.00022458035,238.1104278564453,238.16390514923114,1.159388547668641
2025-09-19 00:00:00-04:00,237.0045166015625,244.5964508056641,0.031530514,0.00044086383,237.0045166015625,237.10902496658673,7.4874258390773605
2025-09-22 00:00:00-04:00,244.5964508056641,255.13751220703125,0.042192955,0.00028720225,244.5964508056641,244.6667219932606,10.470790213770641
2025-09-23 00:00:00-04:00,255.13751220703125,253.49359130859375,-0.006464121,0.00079789036,255.13751220703125,255.34116945049027,1.8475781418965198
2025-09-24 00:00:00-04:00,253.49359130859375,251.3813934326172,-0.00836726,0.0003008821,253.49359130859375,253.5698635368899,2.18847010427271
2025-09-25 00:00:00-04:00,251.3813934326172,255.9246063232422,0.017911611,0.0001681415,251.3813934326172,251.42367686583202,4.500929457410166
2025-09-26 00:00:00-04:00,255.9246063232422,254.51980590820312,-0.005504239,0.00032888917,255.9246063232422,256.00877952442715,1.4889736162240297
2025-09-29 00:00:00-04:00,254.51980590820312,253.49359130859375,-0.004040114,0.00036991911,254.51980590820312,254.61398476094473,1.1203934523509815
2025-09-30 00:00:00-04:00,253.49359130859375,253.69287109375,0.0007858246,0.00053821143,253.49359130859375,253.63005936841364,0.06281172533635981
2025-10-01 00:00:00-04:00,253.69287109375,254.5098571777344,0.0032152003,0.00068344956,253.69287109375,253.8663121003774,0.643545077357004
2025-10-02 00:00:00-04:00,254.5098571777344,256.18365478515625,0.0065550217,0.0007096958,254.5098571777344,254.69053151601477,1.4931232691414777
2025-10-03 00:00:00-04:00,256.18365478515625,257.07037353515625,0.003455286,0.0007062861,256.18365478515625,256.36466223262687,0.7057113025293802
2025-10-06 00:00:00-04:00,257.07037353515625,255.74526977539065,-0.005167965,0.00072231755,257.07037353515625,257.25611395049054,1.5108441750998907
2025-10-07 00:00:00-04:00,255.74526977539065,255.53607177734375,-0.00081832835,0.00077610026,255.74526977539065,255.9438329865989,0.4077612092551419
2025-10-08 00:00:00-04:00,255.53607177734375,257.1102600097656,0.0061414395,0.00084223546,255.53607177734375,255.7513791269448,1.358880882820813
2025-10-09 00:00:00-04:00,257.1102600097656,253.1050262451172,-0.015700495,0.00081472646,257.1102600097656,257.3198135909661,4.21478734584889
2025-10-10 00:00:00-04:00,253.1050262451172,244.3673095703125,-0.035132065,0.0010131098,253.1050262451172,253.36158276059177,8.994273190279273
2025-10-13 00:00:00-04:00,244.3673095703125,246.74851989746097,0.009697219,0.002846669,244.3673095703125,245.06394479764276,1.684575099818204
2025-10-14 00:00:00-04:00,246.74851989746097,246.8581085205078,0.0004440322,0.0013058849,246.74851989746097,247.0709640115638,0.2128554910559899
2025-10-15 00:00:00-04:00,246.8581085205078,248.42233276367188,0.0063165408,0.00076673983,246.8581085205078,247.04744685533296,1.3748859083389107
2025-10-16 00:00:00-04:00,248.42233276367188,246.5392913818359,-0.0076088747,0.00021222391,248.42233276367188,248.47504612831108,1.935754746475169
2025-10-17 00:00:00-04:00,246.5392913818359,251.36146545410156,0.019370627,0.0005781395,246.5392913818359,246.6818611744038,4.67960427969777
2025-10-20 00:00:00-04:00,251.36146545410156,261.27484130859375,0.03868088,-0.00028880872,251.36146545410156,251.28887615799158,9.98596515060217
2025-10-21 00:00:00-04:00,261.27484130859375,261.8028564453125,0.0020188792,-0.00041870016,261.27484130859375,261.1654707663947,0.6373856789177808
2025-10-22 00:00:00-04:00,261.8028564453125,257.4988098144531,-0.016576666,-0.00011900789,261.8028564453125,261.77169392679207,4.272884112338943
2025-10-23 00:00:00-04:00,257.4988098144531,258.6246032714844,0.004362504,7.9233665e-05,257.4988098144531,257.5192228208216,1.1053804506627785
2025-10-24 00:00:00-04:00,258.6246032714844,261.8527526855469,0.012404731,0.00023157196,258.6246032714844,258.68450684596974,3.168245839577139
2025-10-27 00:00:00-04:00,261.8527526855469,267.8206787109375,0.022535313,0.00026425952,261.8527526855469,261.92195696266936,5.898721748268144
2025-10-28 00:00:00-04:00,267.8206787109375,268.0099792480469,0.00070656853,0.00042307773,267.8206787109375,267.9340185415058,0.07596070654108189
2025-10-29 00:00:00-04:00,268.0099792480469,268.7073974609375,0.00259883,0.0004274652,268.0099792480469,268.1245813126043,0.5828161483332224
2025-10-30 00:00:00-04:00,268.7073974609375,270.401123046875,0.006283452,0.0004721156,268.7073974609375,268.83427786843095,1.566845178444055
2025-10-31 00:00:00-04:00,270.401123046875,269.37493896484375,-0.0038022627,0.0005480896,270.401123046875,270.5493687111011,1.174429746257374
2025-11-03 00:00:00-05:00,269.37493896484375,268.05975341796875,-0.004894318,0.000585542,269.37493896484375,269.53270519675425,1.4729517787855002
2025-11-04 00:00:00-05:00,268.05975341796875,269.0461730957031,0.0036730957,0.0007149455,268.05975341796875,268.25148469454143,0.794688401161693
2025-11-05 00:00:00-05:00,269.0461730957031,269.14581298828125,0.00037027634,0.0007562551,269.0461730957031,269.2497071045,0.10389411621872569
2025-11-06 00:00:00-05:00,269.14581298828125,268.7771301269531,-0.0013707649,0.00078463566,269.14581298828125,269.3570906136665,0.5799604867133894
2025-11-07 00:00:00-05:00,268.7771301269531,267.48193359375,-0.0048304973,0.0008420694,268.7771301269531,269.00356197102155,1.5216283772715542
2025-11-10 00:00:00-05:00,267.48193359375,268.6986083984375,0.00453831,0.00095344917,267.48193359375,267.7370880165836,0.9615203818539158
2025-11-11 00:00:00-05:00,268.6986083984375,274.5028076171875,0.02137115,0.0008566579,268.6986083984375,268.9288819188805,5.573925698306994
2025-11-12 00:00:00-05:00,274.5028076171875,272.7276306152344,-0.0064878813,0.00066614983,274.5028076171875,274.6857307785249,1.95810016329051
2025-11-13 00:00:00-05:00,272.7276306152344,272.2090759277344,-0.0019031746,0.000604742,272.7276306152344,272.8925948140313,0.6835188862969517
2025-11-14 00:00:00-05:00,272.2090759277344,271.6705017089844,-0.0019804914,0.000686286,272.2090759277344,272.3959546170554,0.7254529080710199
2025-11-17 00:00:00-05:00,271.6705017089844,266.73394775390625,-0.018338231,0.0007704406,271.6705017089844,271.87987492007596,5.145927166169713
2025-11-18 00:00:00-05:00,266.73394775390625,266.71405029296875,-7.4599404e-05,0.0012588787,266.73394775390625,267.06994839023537,0.3558980972666177
2025-11-19 00:00:00-05:00,266.71405029296875,267.8309631347656,0.004178935,0.0011837606,266.71405029296875,267.0299633507384,0.8009997840272263
2025-11-20 00:00:00-05:00,267.8309631347656,265.5272521972656,-0.008638567,0.0008307908,267.8309631347656,268.0535647243232,2.5263125270575983
2025-11-21 00:00:00-05:00,265.5272521972656,270.75299072265625,0.01948945,0.001016076,265.5272521972656,265.79719166836,4.955799054296222
2025-11-24 00:00:00-05:00,270.75299072265625,275.1710205078125,0.016185865,0.00021249044,270.75299072265625,270.81053931503993,4.360481192772568
2025-11-25 00:00:00-05:00,275.1710205078125,276.2181701660156,0.0037982282,0.00017373264,275.1710205078125,275.21884719704394,0.9993229689716827
2025-11-26 00:00:00-05:00,276.2181701660156,276.79656982421875,0.0020918064,0.00033127575,276.2181701660156,276.3096764439215,0.4868933802972606
2025-11-28 00:00:00-05:00,276.79656982421875,278.0930480957031,0.0046729315,0.00043558597,276.79656982421875,276.9171728447327,1.175875250970421
2025-12-01 00:00:00-05:00,278.0930480957031,282.3315124511719,0.015126193,0.0005095717,278.0930480957031,278.23480294628826,4.09670950488362
2025-12-02 00:00:00-05:00,282.3315124511719,285.4131164550781,0.0108557055,0.00059962214,282.3315124511719,282.50087215550593,2.912244299572194
2025-12-03 00:00:00-05:00,285.4131164550781,283.378662109375,-0.0071536303,0.0006983359,285.4131164550781,285.6124964788469,2.2338343694718787
2025-12-04 00:00:00-05:00,283.378662109375,279.9380187988281,-0.012215815,0.00057518436,283.378662109375,283.54169099609135,3.603672197263222
2025-12-05 00:00:00-05:00,279.9380187988281,278.02325439453125,-0.006863458,0.000733258,279.9380187988281,280.1433518683516,2.1200974738203513
2025-12-08 00:00:00-05:00,278.02325439453125,277.1356506347656,-0.0031976593,0.0010194521,278.02325439453125,278.30682551438804,1.1711748796224128
2025-12-09 00:00:00-05:00,277.1356506347656,276.4275817871094,-0.0025582234,0.0011225744,277.1356506347656,277.4469266057349,1.019344818625541
2025-12-10 00:00:00-05:00,276.4275817871094,278.02325439453125,0.005755883,0.0011031033,276.4275817871094,276.7326911663731,1.2905632281581347
2025-12-11 00:00:00-05:00,278.02325439453125,277.2752685546875,-0.0026939972,0.0007750337,278.02325439453125,278.2388161714771,0.9635476167895831
2025-12-12 00:00:00-05:00,277.2752685546875,277.5246276855469,0.00089891563,0.0007870082,277.2752685546875,277.49358882293745,0.031038862609420903
2025-12-15 00:00:00-05:00,277.5246276855469,273.3658752441406,-0.015098576,0.0007454427,277.5246276855469,277.7315981472493,4.36572290310869
2025-12-16 00:00:00-05:00,273.3658752441406,273.8645324707031,0.0018224769,0.0011828028,273.3658752441406,273.6894064437656,0.17512602693750523
2025-12-17 00:00:00-05:00,273.8645324707031,271.10205078125,-0.010138256,0.0009835339,273.8645324707031,274.13403507656403,3.0319842953140324
2025-12-18 00:00:00-05:00,271.10205078125,271.4511413574219,0.0012868439,0.0012588889,271.10205078125,271.4435538495309,0.0075875078910030425
2025-12-19 00:00:00-05:00,271.4511413574219,272.9271240234375,0.00542265,0.0009539349,271.4511413574219,271.71021149607986,1.2169125273576356
2025-12-22 00:00:00-05:00,272.9271240234375,270.23443603515625,-0.0099149505,0.0005491313,272.9271240234375,273.0770473703742,2.8426113352179527
2025-12-23 00:00:00-05:00,270.23443603515625,271.62066650390625,0.0051166206,0.00084162975,270.23443603515625,270.4619667317529,1.1586997721533407
2025-12-24 00:00:00-05:00,271.62066650390625,273.06671142578125,0.005309645,0.00052341353,271.62066650390625,271.76287817565026,1.3038332501309924
2025-12-26 00:00:00-05:00,273.06671142578125,272.6578063964844,-0.0014985768,0.0003357379,273.06671142578125,273.1584106595619,0.5006042630775482
2025-12-29 00:00:00-05:00,272.6578063964844,273.0168762207031,0.0013160584,0.0004443013,272.6578063964844,272.778978860646,0.23789736005710438
2025-12-30 00:00:00-05:00,273.0168762207031,272.33868408203125,-0.0024871575,0.00048293496,273.0168762207031,273.1487532117899,0.8100691297586309
2025-12-31 00:00:00-05:00,272.33868408203125,271.12200927734375,-0.0044775154,0.0005824625,272.33868408203125,272.49734200824605,1.3753327309023007
