date,previous_price,actual_price,actual_return,predicted_return,baseline_price,predicted_price
2024-05-07 00:00:00-04:00,179.7504425048828,180.43296813964844,0.0037898826,0.00030804612,179.7504425048828,179.8058122567454
2024-05-08 00:00:00-04:00,180.43296813964844,180.76931762695312,0.001862389,0.00048462965,180.43296813964844,180.52042489629457
2024-05-09 00:00:00-04:00,180.76931762695312,182.57960510253903,0.009964541,0.0006771247,180.76931762695312,180.8917612150617
2024-05-10 00:00:00-04:00,182.57960510253903,181.32156372070312,-0.00691422,0.0008061297,182.57960510253903,182.72684657913666
2024-05-13 00:00:00-04:00,181.32156372070312,184.5210723876953,0.01749162,0.000703616,181.32156372070312,181.44917994883144
2024-05-14 00:00:00-04:00,184.5210723876953,185.66018676757812,0.00615438,0.00083573145,184.5210723876953,184.67535672208396
2024-05-15 00:00:00-04:00,185.66018676757812,187.9285888671875,0.012143995,0.0008583559,185.66018676757812,185.81962871378346
2024-05-16 00:00:00-04:00,187.9285888671875,188.04747009277344,0.00063238724,0.000891164,187.9285888671875,188.09613965942117
2024-05-17 00:00:00-04:00,188.04747009277344,188.0771942138672,0.00015805464,0.0008675378,188.04747009277344,188.21068830844706
2024-05-20 00:00:00-04:00,188.0771942138672,189.2361297607422,0.006143113,0.0008413742,188.0771942138672,188.23550570825864
2024-05-21 00:00:00-04:00,189.2361297607422,190.5337677001953,0.0068338383,0.00089222076,189.2361297607422,189.40504934068304
2024-05-22 00:00:00-04:00,190.5337677001953,189.09747314453125,-0.0075668236,0.00090706075,190.5337677001953,190.7066620635669
2024-05-23 00:00:00-04:00,189.09747314453125,185.1154022216797,-0.021283187,0.00075108215,189.09747314453125,189.2395564762628
2024-05-24 00:00:00-04:00,185.1154022216797,188.1861267089844,0.016452082,0.00050108496,185.1154022216797,185.2081738890338
2024-05-28 00:00:00-04:00,188.1861267089844,188.1960601806641,5.278393e-05,0.0006845911,188.1861267089844,188.31500736450474
2024-05-29 00:00:00-04:00,188.1960601806641,188.4932098388672,0.0015776914,0.0005832102,188.1960601806641,188.30585569364123
2024-05-30 00:00:00-04:00,188.4932098388672,189.4837951660156,0.005241523,0.0005902976,188.4932098388672,188.60450445036076
2024-05-31 00:00:00-04:00,189.4837951660156,190.43470764160156,0.005005887,0.00066283764,189.4837951660156,189.6094308935062
2024-06-03 00:00:00-04:00,190.43470764160156,192.19789123535156,0.009216131,0.0007088982,190.43470764160156,190.56975937792777
2024-06-04 00:00:00-04:00,192.19789123535156,192.514892578125,0.00164799,0.0007709069,192.19789123535156,192.34610750179309
2024-06-05 00:00:00-04:00,192.514892578125,194.02052307128903,0.0077904277,0.000771541,192.514892578125,192.6634910022549
2024-06-06 00:00:00-04:00,194.02052307128903,192.6436462402344,-0.0071218526,0.00082949153,194.02052307128903,194.1815243793844
2024-06-07 00:00:00-04:00,192.6436462402344,195.03089904785156,0.012315912,0.00072176545,192.6436462402344,192.7827447134587
2024-06-10 00:00:00-04:00,195.03089904785156,191.2965087890625,-0.019333377,0.0008320019,195.03089904785156,195.1932270213547
2024-06-11 00:00:00-04:00,191.2965087890625,205.19400024414065,0.07013125,0.0005183959,191.2965087890625,191.39570758500486
2024-06-12 00:00:00-04:00,205.19400024414065,211.05813598632812,0.028177748,-0.00020710437,205.19400024414065,205.15151143331244
2024-06-13 00:00:00-04:00,211.05813598632812,212.2170562744141,0.0054759798,0.00018318108,211.05813598632812,211.09680704534185
2024-06-14 00:00:00-04:00,212.2170562744141,210.48361206054688,-0.008201804,0.00043591863,212.2170562744141,212.30959725282813
2024-06-17 00:00:00-04:00,210.48361206054688,214.6240997314453,0.019480325,0.0005021785,210.48361206054688,210.5893480707673
2024-06-18 00:00:00-04:00,214.6240997314453,212.26657104492188,-0.01104523,0.0007900848,214.6240997314453,214.79372951760524
2024-06-20 00:00:00-04:00,212.26657104492188,207.7001037597656,-0.021747665,0.0006675641,212.26657104492188,212.40832487714215
2024-06-21 00:00:00-04:00,207.7001037597656,205.5308074951172,-0.010499293,0.00042747462,207.7001037597656,207.78891709711385
2024-06-24 00:00:00-04:00,205.5308074951172,206.17466735839844,0.003127772,0.00065634225,205.5308074951172,205.66576000305213
2024-06-25 00:00:00-04:00,206.17466735839844,207.09588623046875,0.004458195,0.0006700999,206.17466735839844,206.312869090385
2024-06-26 00:00:00-04:00,207.09588623046875,211.2364196777344,0.019796073,0.00052409235,207.09588623046875,207.20446297021408
2024-06-27 00:00:00-04:00,211.2364196777344,212.07839965820312,0.0039780373,0.000458828,211.2364196777344,211.33336785027498
2024-06-28 00:00:00-04:00,212.07839965820312,208.63124084472656,-0.016387722,0.000509316,212.07839965820312,212.18645370961895
2024-07-01 00:00:00-04:00,208.63124084472656,214.703369140625,0.028689101,0.00035291148,208.63124084472656,208.7048832302262
2024-07-02 00:00:00-04:00,214.703369140625,218.1901397705078,0.016109485,0.00055504846,214.703369140625,214.82256336093997
2024-07-03 00:00:00-04:00,218.1901397705078,219.45803833007812,0.0057941615,0.0006612519,218.1901397705078,218.33447087831337
2024-07-05 00:00:00-04:00,219.45803833007812,224.2028045654297,0.021389974,0.00072295644,219.45803833007812,219.61675976735933
2024-07-08 00:00:00-04:00,224.2028045654297,225.66883850097656,0.0065175886,0.00085692055,224.2028045654297,224.39499883265853
2024-07-09 00:00:00-04:00,225.66883850097656,226.52072143554688,0.0037678177,0.0009420781,225.66883850097656,225.8815243050085
2024-07-10 00:00:00-04:00,226.52072143554688,230.7801055908203,0.018628906,0.0009261959,226.52072143554688,226.73061866375429
2024-07-11 00:00:00-04:00,230.7801055908203,225.4211883544922,-0.023494733,0.0010118501,230.7801055908203,231.01373012741533
2024-07-12 00:00:00-04:00,225.4211883544922,228.3631591796875,0.012966565,0.0005521314,225.4211883544922,225.54568771906452
2024-07-15 00:00:00-04:00,228.3631591796875,232.18670654296875,0.016604653,0.0007765887,228.3631591796875,228.5405715356319
2024-07-16 00:00:00-04:00,232.18670654296875,232.6027679443359,0.0017903224,0.0008336381,232.18670654296875,232.3803475140303
2024-07-17 00:00:00-04:00,232.6027679443359,226.7188415527344,-0.025621476,0.00078382815,232.6027679443359,232.78516543001385
2024-07-18 00:00:00-04:00,226.7188415527344,222.0632171630859,-0.020748565,0.00035345624,226.7188415527344,226.79900361109324
2024-07-19 00:00:00-04:00,222.0632171630859,222.1919708251953,0.0005796383,0.000563228,222.0632171630859,222.18832382730395
2024-07-22 00:00:00-04:00,222.1919708251953,221.84527587890625,-0.0015615585,0.0007289435,222.1919708251953,222.35399392670843
2024-07-23 00:00:00-04:00,221.84527587890625,222.88536071777344,0.0046773786,0.00053789164,221.84527587890625,221.96462675691146
2024-07-24 00:00:00-04:00,222.88536071777344,216.4764709472656,-0.0291757,0.00039673643,222.88536071777344,222.97381226609104
2024-07-25 00:00:00-04:00,216.4764709472656,215.43637084960935,-0.0048162593,0.00030867243,216.4764709472656,216.54330850359835
2024-07-26 00:00:00-04:00,215.43637084960935,215.9019317626953,0.0021586819,0.0006218358,215.43637084960935,215.57037961281455
2024-07-29 00:00:00-04:00,215.9019317626953,216.1792907714844,0.0012838283,0.00040803675,215.9019317626953,215.9900570171303
2024-07-30 00:00:00-04:00,216.1792907714844,216.73399353027344,0.002562652,0.00024183118,216.1792907714844,216.2315792776317
2024-07-31 00:00:00-04:00,216.73399353027344,219.9830322265625,0.014879651,0.00024251139,216.73399353027344,216.7865712257426
2024-08-01 00:00:00-04:00,219.9830322265625,216.2981719970703,-0.016892537,0.00032429065,219.9830322265625,220.05438778766256
2024-08-02 00:00:00-04:00,216.2981719970703,217.7840118408203,0.0068459185,0.00020850654,216.2981719970703,216.34326952729498
2024-08-05 00:00:00-04:00,217.7840118408203,207.2939910888672,-0.049365766,0.00046540675,217.7840118408203,217.8853929717825
2024-08-06 00:00:00-04:00,207.2939910888672,205.27325439453125,-0.009795993,0.0005012761,207.2939910888672,207.3979271085882
2024-08-07 00:00:00-04:00,205.27325439453125,207.8388214111328,0.012420842,0.0015494521,205.27325439453125,205.59156638302375
2024-08-08 00:00:00-04:00,207.8388214111328,211.29583740234375,0.016496342,7.108977e-05,207.8388214111328,207.85358809680474
2024-08-09 00:00:00-04:00,211.29583740234375,214.1981964111328,0.013642513,-0.00062744017,211.29583740234375,211.16330849546284
2024-08-12 00:00:00-04:00,214.1981964111328,215.7254180908203,0.0071046487,-0.00037064985,214.1981964111328,214.11882268267345
2024-08-13 00:00:00-04:00,215.7254180908203,219.43438720703125,0.017046882,2.5193032e-05,215.7254180908203,215.73084426679816
2024-08-14 00:00:00-04:00,219.43438720703125,219.88064575195312,0.0020316113,0.00037237705,219.43438720703125,219.51610672779498
2024-08-15 00:00:00-04:00,219.88064575195312,222.85577392578125,0.013439929,0.00058861455,219.88064575195312,220.01010590903388
2024-08-16 00:00:00-04:00,222.85577392578125,224.1747283935547,0.005900977,0.00076948304,222.85577392578125,223.0273136773394
2024-08-19 00:00:00-04:00,224.1747283935547,224.01605224609375,-0.0007080742,0.0008579852,224.1747283935547,224.36713910632534
2024-08-20 00:00:00-04:00,224.01605224609375,224.6309051513672,0.0027409226,0.0008270272,224.01605224609375,224.20138351948117
2024-08-21 00:00:00-04:00,224.6309051513672,224.52183532714844,-0.00048566924,0.0008548514,224.6309051513672,224.82301117343377
2024-08-22 00:00:00-04:00,224.52183532714844,222.66732788085935,-0.00829411,0.00083894806,224.52183532714844,224.71028831512194
2024-08-23 00:00:00-04:00,222.66732788085935,224.9581756591797,0.010235644,0.0007184178,222.66732788085935,222.82736174104136
2024-08-26 00:00:00-04:00,224.9581756591797,225.29534912109375,0.0014977052,0.0008163577,224.9581756591797,225.14189964073194
2024-08-27 00:00:00-04:00,225.29534912109375,226.1383056640625,0.0037345798,0.0007679169,225.29534912109375,225.46841755267815
2024-08-28 00:00:00-04:00,226.1383056640625,224.611083984375,-0.006776393,0.00076100975,226.1383056640625,226.31045809030184
2024-08-29 00:00:00-04:00,224.611083984375,227.8836975097656,0.014465009,0.00066627446,224.611083984375,224.76078707820852
2024-08-30 00:00:00-04:00,227.8836975097656,227.10028076171875,-0.0034437147,0.0007811807,227.8836975097656,228.06179684649393
2024-09-03 00:00:00-04:00,227.10028076171875,220.9219512939453,-0.02758221,0.00070076797,227.10028076171875,227.25949391736503
2024-09-04 00:00:00-04:00,220.9219512939453,219.01788330078125,-0.008656092,0.0003460378,220.9219512939453,220.99840455348567
2024-09-05 00:00:00-04:00,219.01788330078125,220.53518676757812,0.006903874,0.0006574,219.01788330078125,219.16190035871114
2024-09-06 00:00:00-04:00,220.53518676757812,218.98812866210935,-0.007039738,0.0005880225,220.53518676757812,220.66490085262194
2024-09-09 00:00:00-04:00,218.98812866210935,219.07736206054688,0.0004073975,0.00042369822,218.98812866210935,219.08093342749996
2024-09-10 00:00:00-04:00,219.07736206054688,218.2840118408203,-0.0036278972,0.0004388871,219.07736206054688,219.1735213812717
2024-09-11 00:00:00-04:00,218.2840118408203,220.8128662109375,0.011518562,0.0004380601,218.2840118408203,218.3796668085488
2024-09-12 00:00:00-04:00,220.8128662109375,220.9219512939453,0.000493894,0.0004922574,220.8128662109375,220.92157997339382
2024-09-13 00:00:00-04:00,220.9219512939453,220.6541748046875,-0.0012128215,0.00049617013,220.9219512939453,221.03158784904917
2024-09-16 00:00:00-04:00,220.6541748046875,214.52545166015625,-0.02816827,0.0005399565,220.6541748046875,220.77335835290432
2024-09-17 00:00:00-04:00,214.52545166015625,214.99154663085935,0.0021703225,0.00031327986,214.52545166015625,214.5926586254791
2024-09-18 00:00:00-04:00,214.99154663085935,218.8592071533203,0.017829923,0.00058896537,214.99154663085935,215.11820509713286
2024-09-19 00:00:00-04:00,218.8592071533203,226.97134399414065,0.03639514,0.00040762458,218.8592071533203,218.94843512635998
2024-09-20 00:00:00-04:00,226.97134399414065,226.306884765625,-0.002931796,0.00021124916,226.97134399414065,227.01928916234468
2024-09-23 00:00:00-04:00,226.306884765625,224.59124755859375,-0.007609903,0.00035762275,226.306884765625,226.38781841448508
2024-09-24 00:00:00-04:00,224.59124755859375,225.48377990722656,0.003966154,0.0004030966,224.59124755859375,224.68179507246532
2024-09-25 00:00:00-04:00,225.48377990722656,224.4920959472656,-0.0044077276,0.00063891715,225.48377990722656,225.62788230706246
2024-09-26 00:00:00-04:00,224.4920959472656,225.6325531005859,0.0050673056,0.0006494184,224.4920959472656,224.63791959653096
2024-09-27 00:00:00-04:00,225.6325531005859,225.9002990722656,0.0011859424,0.0007298495,225.6325531005859,225.79730026575814
2024-09-30 00:00:00-04:00,225.9002990722656,231.0670928955078,0.022614365,0.0007210171,225.9002990722656,226.06324895735813
2024-10-01 00:00:00-04:00,231.0670928955078,224.33343505859375,-0.02957462,0.00076645735,231.0670928955078,231.24426454800414
2024-10-02 00:00:00-04:00,224.33343505859375,224.898681640625,0.0025165025,0.00024246494,224.33343505859375,224.38782956682553
2024-10-03 00:00:00-04:00,224.898681640625,223.7978973388672,-0.004906596,0.000537656,224.898681640625,225.01962160502444
2024-10-04 00:00:00-04:00,223.7978973388672,224.9185028076172,0.0049947263,0.00054576923,223.7978973388672,223.92005951069768
2024-10-07 00:00:00-04:00,224.9185028076172,219.85089111328125,-0.022788579,0.0005791417,224.9185028076172,225.04881094976008
2024-10-08 00:00:00-04:00,219.85089111328125,223.8970489501953,0.018236794,0.0003672078,219.85089111328125,219.93163878864289
2024-10-09 00:00:00-04:00,223.8970489501953,227.63577270507812,0.01656052,0.00044005015,223.8970489501953,223.99559067544033
2024-10-10 00:00:00-04:00,227.63577270507812,227.1399078369141,-0.002180702,0.00039113965,227.63577270507812,227.7248340375445
2024-10-11 00:00:00-04:00,227.1399078369141,225.6623077392578,-0.0065264935,0.0004139383,227.1399078369141,227.2339469075105
2024-10-14 00:00:00-04:00,225.6623077392578,229.38119506835935,0.016345559,0.00046667928,225.6623077392578,225.7676522251495
2024-10-15 00:00:00-04:00,229.38119506835935,231.9100341796875,0.0109642865,0.0006757851,229.38119506835935,229.53626498666196
2024-10-16 00:00:00-04:00,231.9100341796875,229.85720825195312,-0.00889123,0.0007481311,231.9100341796875,232.0835947030282
2024-10-17 00:00:00-04:00,229.85720825195312,230.22412109375,0.0015949915,0.0006114255,229.85720825195312,229.99780337042102
2024-10-18 00:00:00-04:00,230.22412109375,233.05047607421875,0.012201792,0.00070663216,230.22412109375,230.38686907745432
2024-10-21 00:00:00-04:00,233.05047607421875,234.51820373535156,0.0062781475,0.0008131143,233.05047607421875,233.24005895241862
2024-10-22 00:00:00-04:00,234.51820373535156,233.90335083007812,-0.0026252135,0.00081846694,234.51820373535156,234.7102386404822
2024-10-23 00:00:00-04:00,233.90335083007812,228.84567260742188,-0.021860143,0.0007492201,233.90335083007812,234.07865409453734
2024-10-24 00:00:00-04:00,228.84567260742188,228.65725708007812,-0.00082366925,0.00045927422,228.84567260742188,228.95081177022803
2024-10-25 00:00:00-04:00,228.65725708007812,229.49026489257812,0.0036364216,0.0006693072,228.65725708007812,228.81033839652082
2024-10-28 00:00:00-04:00,229.49026489257812,231.46372985839844,0.008562577,0.0006609826,229.49026489257812,229.6420162319373
2024-10-29 00:00:00-04:00,231.46372985839844,231.7315216064453,0.0011562803,0.0006150792,231.46372985839844,231.6061354052781
2024-10-30 00:00:00-04:00,231.7315216064453,228.1911163330078,-0.015395959,0.00059218693,231.7315216064453,231.86878799567967
2024-10-31 00:00:00-04:00,228.1911163330078,224.0359039306641,-0.018377185,0.00043851387,228.1911163330078,228.29119433367123
2024-11-01 00:00:00-04:00,224.0359039306641,221.060791015625,-0.013368588,0.00051013846,224.0359039306641,224.15021057949346
2024-11-04 00:00:00-05:00,221.060791015625,220.16824340820312,-0.0040457393,0.00078768167,221.060791015625,221.2349810395972
2024-11-05 00:00:00-05:00,220.16824340820312,221.5962829589844,0.006465184,0.0007832635,220.16824340820312,220.34075902270342
2024-11-06 00:00:00-05:00,221.5962829589844,220.87234497070312,-0.0032722708,0.00041260343,221.5962829589844,221.6877363123422
2024-11-07 00:00:00-05:00,220.87234497070312,225.59288024902344,0.02114705,0.0002605485,220.87234497070312,220.9299024279244
2024-11-08 00:00:00-05:00,225.59288024902344,225.32481384277344,-0.0011889817,0.00022270955,225.59288024902344,225.6431159377462
2024-11-11 00:00:00-05:00,225.32481384277344,222.6144561767578,-0.012101599,0.0002945474,225.32481384277344,225.39118690669602
2024-11-12 00:00:00-05:00,222.6144561767578,222.6144561767578,0.0,0.00030368695,222.6144561767578,222.68207426480512
2024-11-13 00:00:00-05:00,222.6144561767578,223.49806213378903,0.0039613643,0.00051653036,222.6144561767578,222.72947061694504
2024-11-14 00:00:00-05:00,223.49806213378903,226.57574462890625,0.01367656,0.00060065015,223.49806213378903,223.63234308161188
2024-11-15 00:00:00-05:00,226.57574462890625,223.3789520263672,-0.0142096365,0.0006476254,226.57574462890625,226.72251660779875
2024-11-18 00:00:00-05:00,223.3789520263672,226.377197265625,0.0133329565,0.0004464243,223.3789520263672,223.47870368412623
2024-11-19 00:00:00-05:00,226.377197265625,226.6352996826172,0.0011394937,0.0006373614,226.377197265625,226.52151981007773
2024-11-20 00:00:00-05:00,226.6352996826172,227.35012817382812,0.0031491276,0.0006509124,226.6352996826172,226.78286671720343
2024-11-21 00:00:00-05:00,227.35012817382812,226.87355041503903,-0.0020984286,0.0006889715,227.35012817382812,227.50683336747898
2024-11-22 00:00:00-05:00,226.87355041503903,228.2138214111328,0.0058901873,0.0006856291,226.87355041503903,227.02914280122965
2024-11-25 00:00:00-05:00,228.2138214111328,231.1922149658203,0.012966461,0.0007565577,228.2138214111328,228.38654727365247
2024-11-26 00:00:00-05:00,231.1922149658203,233.366455078125,0.009360523,0.000811976,231.1922149658203,231.38001057538713
2024-11-27 00:00:00-05:00,233.366455078125,233.2373809814453,-0.00055324915,0.0008362685,233.366455078125,233.5616919734166
2024-11-29 00:00:00-05:00,233.2373809814453,235.6201171875,0.010164098,0.0007963531,233.2373809814453,233.42319553102243
2024-12-02 00:00:00-05:00,235.6201171875,237.8638153076172,0.00947747,0.00087761326,235.6201171875,235.826986093889
2024-12-03 00:00:00-05:00,237.8638153076172,240.9017639160156,0.012690926,0.00092672824,237.8638153076172,238.0843649811104
2024-12-04 00:00:00-05:00,240.9017639160156,241.25917053222656,0.0014825203,0.0009570006,240.9017639160156,241.13242470833936
2024-12-05 00:00:00-05:00,241.25917053222656,241.28895568847656,0.00012344948,0.0009164603,241.25917053222656,241.48036626345674
2024-12-06 00:00:00-05:00,241.28895568847656,241.0904083251953,-0.0008232001,0.0008726853,241.28895568847656,241.49962238209991
2024-12-09 00:00:00-05:00,241.0904083251953,244.97222900390625,0.01597285,0.00085070415,241.0904083251953,241.29558472931785
2024-12-10 00:00:00-05:00,244.97222900390625,245.98487854003903,0.0041252114,0.0009248654,244.97222900390625,245.1989024211798
2024-12-11 00:00:00-05:00,245.98487854003903,244.7141265869141,-0.0051793656,0.00089584553,245.98487854003903,246.20533398590848
2024-12-12 00:00:00-05:00,244.7141265869141,246.17352294921875,0.005945966,0.0007670126,244.7141265869141,244.9019080201197
2024-12-13 00:00:00-05:00,246.17352294921875,246.34228515625,0.0006853068,0.00084117614,246.17352294921875,246.38067756873352
2024-12-16 00:00:00-05:00,246.34228515625,249.2313232421875,0.011659502,0.0008220146,246.34228515625,246.54485381639097
2024-12-17 00:00:00-05:00,249.2313232421875,251.65374755859375,0.009672651,0.00086744915,249.2313232421875,249.44761705794372
2024-12-18 00:00:00-05:00,251.65374755859375,246.2628936767578,-0.021654487,0.00088651344,251.65374755859375,251.87694357417058
2024-12-19 00:00:00-05:00,246.2628936767578,247.9903259277344,0.0069900984,0.00048240653,246.2628936767578,246.38173010273022
2024-12-20 00:00:00-05:00,247.9903259277344,252.656494140625,0.018641097,0.0007036037,247.9903259277344,248.16486440709562
2024-12-23 00:00:00-05:00,252.656494140625,253.4308624267578,0.0030602184,0.0007461222,252.656494140625,252.84506920693093
2024-12-24 00:00:00-05:00,253.4308624267578,256.3397216796875,0.011412549,0.00071409874,253.4308624267578,253.61188861461414
2024-12-26 00:00:00-05:00,256.3397216796875,257.15380859375,0.0031707804,0.0007902631,256.3397216796875,256.5423828404164
2024-12-27 00:00:00-05:00,257.15380859375,253.74855041503903,-0.013330565,0.0008254269,257.15380859375,257.36615662957774
2024-12-30 00:00:00-05:00,253.74855041503903,250.38296508789065,-0.013352212,0.0006199021,253.74855041503903,253.90590667238936
2024-12-31 00:00:00-05:00,250.38296508789065,248.61578369140625,-0.007082938,0.00058405905,250.38296508789065,250.5292500152464
2025-01-02 00:00:00-05:00,248.61578369140625,242.09312438964844,-0.026586205,0.00068275246,248.61578369140625,248.78557584580994
2025-01-03 00:00:00-05:00,242.09312438964844,241.60665893554688,-0.002011436,0.000780013,242.09312438964844,242.2820403089827
2025-01-06 00:00:00-05:00,241.60665893554688,243.23484802246097,0.006716402,0.00090187555,241.60665893554688,241.82465944307842
2025-01-07 00:00:00-05:00,243.23484802246097,240.4649353027344,-0.01145315,0.00039707468,243.23484802246097,243.3314622060789
2025-01-08 00:00:00-05:00,240.4649353027344,240.95138549804688,0.0020209134,0.0002470293,240.4649353027344,240.52433053802818
2025-01-10 00:00:00-05:00,240.95138549804688,235.1435546875,-0.024398994,0.00027796644,240.95138549804688,241.01836903464573
2025-01-13 00:00:00-05:00,235.1435546875,232.71121215820312,-0.010397946,0.00036675454,235.1435546875,235.22980698558968
2025-01-14 00:00:00-05:00,232.71121215820312,231.59927368164065,-0.0047896425,0.0007524339,232.71121215820312,232.88637096805178
2025-01-15 00:00:00-05:00,231.59927368164065,236.15621948242188,0.019484922,0.00069274154,231.59927368164065,231.75976354812522
2025-01-16 00:00:00-05:00,236.15621948242188,226.6154632568359,-0.041238945,-6.61416e-05,236.15621948242188,236.140595114015
2025-01-17 00:00:00-05:00,226.6154632568359,228.3230438232422,0.0075068986,0.00011190458,226.6154632568359,226.64083003044104
2025-01-21 00:00:00-05:00,228.3230438232422,221.0359344482422,-0.032436196,6.9541566e-05,228.3230438232422,228.3389120500742
2025-01-22 00:00:00-05:00,221.0359344482422,222.2173614501953,0.005330721,0.0010235386,221.0359344482422,221.26227696858768
2025-01-23 00:00:00-05:00,222.2173614501953,222.0485992431641,-0.000759735,0.000405077,222.2173614501953,222.30740223068824
2025-01-24 00:00:00-05:00,222.0485992431641,221.17491149902344,-0.0039424305,-0.00014004682,222.0485992431641,222.01750992777218
2025-01-27 00:00:00-05:00,221.17491149902344,228.20391845703125,0.031285767,-0.00016491022,221.17491149902344,221.13843399404777
2025-01-28 00:00:00-05:00,228.20391845703125,236.5433807373047,0.03589201,-0.0006232676,228.20391845703125,228.06173660995773
2025-01-29 00:00:00-05:00,236.5433807373047,237.63546752929688,0.004606231,-0.00045990176,236.5433807373047,236.43462040191844
2025-01-30 00:00:00-05:00,237.63546752929688,235.8781890869141,-0.007422326,8.777855e-05,237.63546752929688,237.65631719876546
2025-01-31 00:00:00-05:00,235.8781890869141,234.29966735839844,-0.006714598,0.00028947578,235.8781890869141,235.94648982540278
2025-02-03 00:00:00-05:00,234.29966735839844,226.3672332763672,-0.03444232,0.0004708069,234.29966735839844,234.40999361110516
2025-02-04 00:00:00-05:00,226.3672332763672,231.12271118164065,0.020790178,0.00035030465,226.3672332763672,226.4465424178361
2025-02-05 00:00:00-05:00,231.12271118164065,230.79510498046875,-0.0014184614,0.00037212519,231.12271118164065,231.20872844508997
2025-02-06 00:00:00-05:00,230.79510498046875,231.53970336914065,0.0032210383,0.00021930138,230.79510498046875,230.84572875418235
2025-02-07 00:00:00-05:00,231.53970336914065,225.9900054931641,-0.024260588,0.00032183545,231.53970336914065,231.61422791470252
2025-02-10 00:00:00-05:00,225.9900054931641,226.25831604003903,0.001186563,0.00021163869,225.9900054931641,226.03785112497283
2025-02-11 00:00:00-05:00,226.25831604003903,231.1979522705078,0.021596942,0.00048357775,226.25831604003903,226.36776879387978
2025-02-12 00:00:00-05:00,231.1979522705078,235.42198181152344,0.01810529,0.0003242239,231.1979522705078,231.2729180371971
2025-02-13 00:00:00-05:00,235.42198181152344,240.05349731445312,0.019482233,0.00035885395,235.42198181152344,235.50648398247176
2025-02-14 00:00:00-05:00,240.05349731445312,243.1047210693359,0.012630497,0.00052899495,240.05349731445312,240.18052643234478
2025-02-18 00:00:00-05:00,243.1047210693359,242.97552490234375,-0.0005315837,0.0007429428,243.1047210693359,243.2854134960016
2025-02-19 00:00:00-05:00,242.97552490234375,243.373046875,0.0016347208,0.0007804413,242.97552490234375,243.16521629245108
2025-02-20 00:00:00-05:00,243.373046875,244.3271942138672,0.0039128484,0.0008330071,243.373046875,243.57587206014432
2025-02-21 00:00:00-05:00,244.3271942138672,244.0489196777344,-0.0011395911,0.00088902557,244.3271942138672,244.5445038313901
2025-02-24 00:00:00-05:00,244.0489196777344,245.5894470214844,0.0062925313,0.0008471956,244.0489196777344,244.25577018486368
2025-02-25 00:00:00-05:00,245.5894470214844,245.52981567382812,-0.00024283864,0.00087902375,245.5894470214844,245.80542008288833
2025-02-26 00:00:00-05:00,245.52981567382812,238.89064025878903,-0.027412515,0.0008277384,245.52981567382812,245.73312116857414
2025-02-27 00:00:00-05:00,238.89064025878903,235.849365234375,-0.012812557,0.00040995522,238.89064025878903,238.98860452204823
2025-02-28 00:00:00-05:00,235.849365234375,240.36160278320312,0.018951148,0.0006872403,235.849365234375,236.0115069495805
2025-03-03 00:00:00-05:00,240.36160278320312,236.57489013671875,-0.015879652,0.00048259395,240.36160278320312,240.47762014027467
2025-03-04 00:00:00-05:00,236.57489013671875,234.4877166748047,-0.0088616125,0.00023038842,236.57489013671875,236.62940445692948
2025-03-05 00:00:00-05:00,234.4877166748047,234.29888916015625,-0.00080560124,0.0003840333,234.4877166748047,234.57778160847738
2025-03-06 00:00:00-05:00,234.29888916015625,233.89138793945312,-0.0017407507,0.00045899634,234.29888916015625,234.40644991661975
2025-03-07 00:00:00-05:00,233.89138793945312,237.60853576660156,0.015767658,0.00042656134,233.89138793945312,233.99117771118108
2025-03-10 00:00:00-04:00,237.60853576660156,226.08938598632812,-0.04969408,0.00039260712,237.60853576660156,237.70183879337492
2025-03-11 00:00:00-04:00,226.08938598632812,219.48995971679688,-0.029623944,0.000163903,226.08938598632812,226.12644492456093
2025-03-12 00:00:00-04:00,219.48995971679688,215.653564453125,-0.017633239,0.0028635678,219.48995971679688,220.11939078223077
2025-03-13 00:00:00-04:00,215.653564453125,208.39816284179688,-0.034222756,0.006249603,215.653564453125,217.0055433457601
2025-03-14 00:00:00-04:00,208.39816284179688,212.18492126464844,0.01800767,0.01561055,208.39816284179688,211.67689189142402
2025-03-17 00:00:00-04:00,212.18492126464844,212.69178771972656,0.0023859472,0.006184343,212.18492126464844,213.50121726008547
2025-03-18 00:00:00-04:00,212.69178771972656,211.38980102539065,-0.0061402847,-0.00091845205,212.69178771972656,212.49653012070303
2025-03-19 00:00:00-04:00,211.38980102539065,213.9241943359375,0.011917893,-0.0014461075,211.38980102539065,211.08433113479262
2025-03-20 00:00:00-04:00,213.9241943359375,212.7911834716797,-0.0053103943,-0.0045775543,213.9241943359375,212.94718399389967
2025-03-21 00:00:00-04:00,212.7911834716797,216.93568420410156,0.019289596,-0.0029400047,212.7911834716797,212.16649078371938
2025-03-24 00:00:00-04:00,216.93568420410156,219.38064575195312,0.011207406,-0.002697586,216.93568420410156,216.3512700725214
2025-03-25 00:00:00-04:00,219.38064575195312,222.38217163085935,0.0135890655,-0.0016822462,219.38064575195312,219.01189957796305
2025-03-26 00:00:00-04:00,222.38217163085935,220.1757354736328,-0.00997137,-0.0008329932,222.38217163085935,222.1970123913579
2025-03-27 00:00:00-04:00,220.1757354736328,222.48158264160156,0.010418299,-9.199011e-05,220.1757354736328,220.15548591853167
2025-03-28 00:00:00-04:00,222.48158264160156,216.56793212890625,-0.026940053,0.00035768165,222.48158264160156,222.56117477768748
2025-03-31 00:00:00-04:00,216.56793212890625,220.7720947265625,0.01922665,8.4010535e-05,216.56793212890625,216.5861330499829
2025-04-01 00:00:00-04:00,220.7720947265625,221.8255920410156,0.0047605275,0.0003898861,220.7720947265625,220.8581811811746
2025-04-02 00:00:00-04:00,221.8255920410156,222.5213165283203,0.0031314502,0.00041061558,221.8255920410156,221.91669048840774
2025-04-03 00:00:00-04:00,222.5213165283203,201.9478454589844,-0.09701343,0.00046180445,222.5213165283203,222.62410713452664
2025-04-04 00:00:00-04:00,201.9478454589844,187.2283935546875,-0.07568025,0.0033061244,201.9478454589844,202.61662282310138
2025-04-07 00:00:00-04:00,187.2283935546875,180.35072326660156,-0.037425805,0.025001831,187.2283935546875,191.96844611797133
2025-04-08 00:00:00-04:00,180.35072326660156,171.36598205566406,-0.051101904,0.040993955,180.35072326660156,187.89764329038007
2025-04-09 00:00:00-04:00,171.36598205566406,197.6343994140625,0.14261734,0.04676182,171.36598205566406,179.569687029345
2025-04-10 00:00:00-04:00,197.6343994140625,189.25592041015625,-0.043318678,-0.030538512,197.6343994140625,191.69016519873549
2025-04-11 00:00:00-04:00,189.25592041015625,196.9386749267578,0.03979221,0.014899906,189.25592041015625,192.0969223711072
2025-04-14 00:00:00-04:00,196.9386749267578,201.281982421875,0.021814438,-0.037204057,196.9386749267578,189.74637976934173
2025-04-15 00:00:00-04:00,201.281982421875,200.90428161621097,-0.0018782389,-0.0043429583,201.281982421875,200.4097157399665
2025-04-16 00:00:00-04:00,200.90428161621097,193.08238220214844,-0.039711636,-0.017121918,200.90428161621097,197.49369483232752
2025-04-17 00:00:00-04:00,193.08238220214844,195.7758331298828,0.013853347,-0.000296126,193.08238220214844,193.02521895215523
2025-04-21 00:00:00-04:00,195.7758331298828,191.97915649414065,-0.019583492,-0.010434066,195.7758331298828,193.74372084828792
2025-04-22 00:00:00-04:00,191.97915649414065,198.51898193359375,0.03349792,-0.002262446,191.97915649414065,191.5453008581117
2025-04-23 00:00:00-04:00,198.51898193359375,203.34925842285156,0.024040263,-0.007030896,198.51898193359375,197.1281126897702
2025-04-24 00:00:00-04:00,203.34925842285156,207.09617614746097,0.018258318,-0.0035783653,203.34925842285156,202.62289748437615
2025-04-25 00:00:00-04:00,207.09617614746097,208.00062561035156,0.004357783,-0.0017754439,207.09617614746097,206.72880951772188
2025-04-28 00:00:00-04:00,208.00062561035156,208.8553771972656,0.00410095,-0.0006220713,208.00062561035156,207.8712793274526
2025-04-29 00:00:00-04:00,208.8553771972656,209.9188537597656,0.005079008,0.00014141866,208.8553771972656,208.88490563361117
2025-04-30 00:00:00-04:00,209.9188537597656,211.2009429931641,0.0060889716,0.0004695952,209.9188537597656,210.01744941280046
2025-05-01 00:00:00-04:00,211.2009429931641,212.0159454345703,0.0038514691,0.00066449656,211.2009429931641,211.34133058287264
2025-05-02 00:00:00-04:00,212.0159454345703,204.09466552734375,-0.038077552,0.00075609016,212.0159454345703,212.17631067917137
2025-05-05 00:00:00-04:00,204.09466552734375,197.67417907714844,-0.031963818,0.00022560573,204.09466552734375,204.14072217963258
2025-05-06 00:00:00-04:00,197.67417907714844,197.2964782714844,-0.0019125516,0.0013057796,197.67417907714844,197.9324706407624
2025-05-07 00:00:00-04:00,197.2964782714844,195.05026245117188,-0.011450282,0.0015966299,197.2964782714844,197.61173462805166
2025-05-08 00:00:00-04:00,195.05026245117188,196.28269958496097,0.0062986836,0.0014958314,195.05026245117188,195.34223534412376
2025-05-09 00:00:00-04:00,196.28269958496097,197.31634521484375,0.005252289,0.00022146094,196.28269958496097,196.32617440889229
2025-05-12 00:00:00-04:00,197.31634521484375,209.776123046875,0.061232626,-0.00033888023,197.31634521484375,197.24948409661374
2025-05-13 00:00:00-04:00,209.776123046875,211.90582275390625,0.010101062,-0.0014780461,209.776123046875,209.46629556697735
2025-05-14 00:00:00-04:00,211.90582275390625,211.30873107910156,-0.0028216993,-0.00060031365,211.90582275390625,211.77864553157633
2025-05-15 00:00:00-04:00,211.30873107910156,210.43296813964844,-0.0041530835,-0.000105845975,211.30873107910156,211.28636239132902
2025-05-16 00:00:00-04:00,210.43296813964844,210.2438812255859,-0.0008989653,0.00027884985,210.43296813964844,210.49164327531798
2025-05-19 00:00:00-04:00,210.2438812255859,207.7758026123047,-0.011808569,0.0005184688,210.2438812255859,210.35290537873877
2025-05-20 00:00:00-04:00,207.7758026123047,205.8650360107422,-0.009238836,0.00050921214,207.7758026123047,207.88163971955328
2025-05-21 00:00:00-04:00,205.8650360107422,201.1179962158203,-0.023329008,0.0005800676,205.8650360107422,205.98447717788986
2025-05-22 00:00:00-04:00,201.1179962158203,200.39149475097656,-0.0036188546,0.00067456265,201.1179962158203,201.25371944625113
2025-05-23 00:00:00-04:00,200.39149475097656,194.33078002929688,-0.030711168,0.0008314181,200.39149475097656,200.55816500888795
2025-05-27 00:00:00-04:00,194.33078002929688,199.24703979492188,0.0249837,0.0016190505,194.33078002929688,194.64567593251923
2025-05-28 00:00:00-04:00,199.24703979492188,199.4560089111328,0.0010482445,-0.0003860644,199.24703979492188,199.17013050140667
2025-05-29 00:00:00-04:00,199.4560089111328,198.98826599121097,-0.002347847,-0.000577335,199.4560089111328,199.3408925214835
2025-05-30 00:00:00-04:00,198.98826599121097,199.88394165039065,0.0044910484,-0.0002966615,198.98826599121097,198.9292475216644
2025-06-02 00:00:00-04:00,199.88394165039065,200.7298583984375,0.0042231097,-8.784409e-06,199.88394165039065,199.8821902907239
2025-06-03 00:00:00-04:00,200.7298583984375,202.29232788085935,0.007753803,0.00027203292,200.7298583984375,200.7844640656549
2025-06-04 00:00:00-04:00,202.29232788085935,201.844482421875,-0.002216307,0.00046372652,202.29232788085935,202.38615983102133
2025-06-05 00:00:00-04:00,201.844482421875,199.6649932861328,-0.010856584,0.00052549306,201.844482421875,201.95057062184787
2025-06-06 00:00:00-04:00,199.6649932861328,202.93917846679688,0.01626539,0.00049351086,199.6649932861328,199.7635570451257
2025-06-09 00:00:00-04:00,202.93917846679688,200.4810485839844,-0.012186598,0.0006669352,202.93917846679688,203.07458240769847
2025-06-10 00:00:00-04:00,200.4810485839844,201.6951904296875,0.0060378783,0.00049192813,200.4810485839844,200.57970449549615
2025-06-11 00:00:00-04:00,201.6951904296875,197.8238983154297,-0.019380368,0.00061936013,201.6951904296875,201.82014678772248
2025-06-12 00:00:00-04:00,197.8238983154297,198.24188232421875,0.0021106806,0.00042128144,197.8238983154297,197.907262263363
2025-06-13 00:00:00-04:00,198.24188232421875,195.50509643554688,-0.013901465,0.0005894691,198.24188232421875,198.3587675511808
2025-06-16 00:00:00-04:00,195.50509643554688,197.46563720703125,0.009978132,0.0005085611,195.50509643554688,195.60454323845988
2025-06-17 00:00:00-04:00,197.46563720703125,194.69900512695312,-0.014109778,0.0005188558,197.46563720703125,197.56812922768586
2025-06-18 00:00:00-04:00,194.69900512695312,195.63449096679688,0.0047932738,0.0003642406,194.69900512695312,194.76993467326974
2025-06-20 00:00:00-04:00,195.63449096679688,200.03323364257812,0.022235444,0.0004660369,195.63449096679688,195.72567783113482
2025-06-23 00:00:00-04:00,200.03323364257812,200.5308074951172,0.0024843672,0.00042020087,200.03323364257812,200.1173140027313
2025-06-24 00:00:00-04:00,200.5308074951172,199.33657836914065,-0.0059731435,0.00046127895,200.5308074951172,200.62332036793305
2025-06-25 00:00:00-04:00,199.33657836914065,200.59051513671875,0.0062708477,0.00047933398,199.33657836914065,199.43215223767768
2025-06-26 00:00:00-04:00,200.59051513671875,200.03323364257812,-0.002782071,0.00066022365,200.59051513671875,200.72298901723116
2025-06-27 00:00:00-04:00,200.03323364257812,200.1128387451172,0.0003978802,0.00066425354,200.03323364257812,200.16615024141356
2025-06-30 00:00:00-04:00,200.1128387451172,204.1831512451172,0.02013599,0.00069748296,200.1128387451172,200.25246387066545
2025-07-01 00:00:00-04:00,204.1831512451172,206.82041931152344,0.012833485,0.00077146565,204.1831512451172,204.34073182596694
2025-07-02 00:00:00-04:00,206.82041931152344,211.418212890625,0.021987345,0.00081118755,206.82041931152344,206.98826997455035
2025-07-03 00:00:00-04:00,211.418212890625,212.5228576660156,0.0052113244,0.0008632252,211.418212890625,211.60078353097197
2025-07-07 00:00:00-04:00,212.5228576660156,208.9401702880859,-0.017001605,0.00092050986,212.5228576660156,212.71856821483013
2025-07-08 00:00:00-04:00,208.9401702880859,208.99989318847656,0.00028579647,0.00060033554,208.9401702880859,209.0656299159218
2025-07-09 00:00:00-04:00,208.99989318847656,210.12445068359375,0.0053662364,0.0007405375,208.99989318847656,209.1547133131353
2025-07-10 00:00:00-04:00,210.12445068359375,211.38833618164065,0.0059969206,0.00081659004,210.12445068359375,210.2961100173634
2025-07-11 00:00:00-04:00,211.38833618164065,210.14437866210935,-0.005902086,0.0008047412,211.38833618164065,211.55850809028564
2025-07-14 00:00:00-04:00,210.14437866210935,207.61656188964844,-0.012101885,0.0006892987,210.14437866210935,210.28927458359973
2025-07-15 00:00:00-04:00,207.61656188964844,208.10421752929688,0.002346074,0.00058409735,207.61656188964844,207.7378607713963
2025-07-16 00:00:00-04:00,208.10421752929688,209.149169921875,0.005008729,0.0006986975,208.10421752929688,208.2496665748804
2025-07-17 00:00:00-04:00,209.149169921875,209.00982666015625,-0.0006664607,0.00068747724,209.149169921875,209.29300565258018
2025-07-18 00:00:00-04:00,209.00982666015625,210.16424560546875,0.0055080787,0.0006313862,209.00982666015625,209.1418311669404
2025-07-21 00:00:00-04:00,210.16424560546875,211.4580078125,0.0061370875,0.0006751561,210.16424560546875,210.30619890875823
2025-07-22 00:00:00-04:00,211.4580078125,213.36875915527344,0.0089954985,0.0007137026,211.4580078125,211.60897708043922
2025-07-23 00:00:00-04:00,213.36875915527344,213.11996459960935,-0.0011667112,0.0007650156,213.36875915527344,213.53205531046115
2025-07-24 00:00:00-04:00,213.11996459960935,212.7318420410156,-0.0018228063,0.0007366777,213.11996459960935,213.27702374710495
2025-07-25 00:00:00-04:00,212.7318420410156,212.8512725830078,0.000561256,0.0007290428,212.7318420410156,212.88699214572986
2025-07-28 00:00:00-04:00,212.8512725830078,213.02047729492188,0.0007946276,0.0007619761,212.8512725830078,213.01351297341535
2025-07-29 00:00:00-04:00,213.02047729492188,210.2538299560547,-0.013072784,0.00076482777,213.02047729492188,213.18345611372933
2025-07-30 00:00:00-04:00,210.2538299560547,208.0445098876953,-0.010563469,0.00059582014,210.2538299560547,210.37915100452665
2025-07-31 00:00:00-04:00,208.0445098876953,206.57162475585935,-0.007104843,0.00061554706,208.0445098876953,208.17260621709465
2025-08-01 00:00:00-04:00,206.57162475585935,201.40658569335935,-0.025321525,0.00066551653,206.57162475585935,206.7091568141295
2025-08-04 00:00:00-04:00,201.40658569335935,202.37193298339844,0.0047815777,0.0007934709,201.40658569335935,201.56646519352577
2025-08-05 00:00:00-04:00,202.37193298339844,201.94398498535156,-0.0021169,0.00068434,202.37193298339844,202.51048064364477
2025-08-06 00:00:00-04:00,201.94398498535156,212.22430419921875,0.0496534,0.0003801672,201.94398498535156,202.02077976609507
2025-08-07 00:00:00-04:00,212.22430419921875,218.97169494628903,0.03129872,-0.0005832551,212.22430419921875,212.10055360984916
2025-08-08 00:00:00-04:00,218.97169494628903,228.2468719482422,0.04148534,-0.000240764,218.97169494628903,218.91897900844285
2025-08-11 00:00:00-04:00,228.2468719482422,226.3438720703125,-0.008372415,7.83719e-05,228.2468719482422,228.26474835811496
2025-08-12 00:00:00-04:00,226.3438720703125,228.80479431152344,0.010813813,0.00039655226,226.3438720703125,226.4336421564076
2025-08-13 00:00:00-04:00,228.80479431152344,232.47125244140625,0.015897358,0.000648197,228.80479431152344,228.9531466098142
2025-08-14 00:00:00-04:00,232.47125244140625,231.92327880859375,-0.00235995,0.00088408956,232.47125244140625,232.6768809191126
2025-08-15 00:00:00-04:00,231.92327880859375,230.73764038085935,-0.005125313,0.00085231283,231.92327880859375,232.12104072729562
2025-08-18 00:00:00-04:00,230.73764038085935,230.0402374267578,-0.0030270698,0.00077451265,230.73764038085935,230.91642983704511
2025-08-19 00:00:00-04:00,230.0402374267578,229.71144104003903,-0.0014303218,0.00078500697,230.0402374267578,230.22089971115201
2025-08-20 00:00:00-04:00,229.71144104003903,225.17819213867188,-0.019931864,0.0007841295,229.71144104003903,229.89162603402653
2025-08-21 00:00:00-04:00,225.17819213867188,224.07228088378903,-0.0049233716,0.0005481117,225.17819213867188,225.3016446239526
2025-08-22 00:00:00-04:00,224.07228088378903,226.9217529296875,0.012636575,0.0006865677,224.07228088378903,224.2261658203806
2025-08-25 00:00:00-04:00,226.9217529296875,226.3239593505859,-0.0026378357,0.00059845904,226.9217529296875,227.05760396042024
2025-08-26 00:00:00-04:00,226.3239593505859,228.4660491943359,0.009420197,0.00046280207,226.3239593505859,226.42872237374283
2025-08-27 00:00:00-04:00,228.4660491943359,229.64170837402344,0.005132687,0.00054089713,228.4660491943359,228.58967010942612
2025-08-28 00:00:00-04:00,229.64170837402344,231.7041015625,0.008940829,0.00060468516,229.64170837402344,229.780611279999
2025-08-29 00:00:00-04:00,231.7041015625,231.28562927246097,-0.0018076963,0.00069422077,231.7041015625,231.86502314754762
2025-09-02 00:00:00-04:00,231.28562927246097,228.8745574951172,-0.010479367,0.00069276075,231.28562927246097,231.44590179478658
2025-09-03 00:00:00-04:00,228.8745574951172,237.59234619140625,0.037382305,0.0005949757,228.8745574951172,229.01078637427963
2025-09-04 00:00:00-04:00,237.59234619140625,238.8975067138672,0.005478244,0.0006046373,237.59234619140625,237.73605818326178
2025-09-05 00:00:00-04:00,238.8975067138672,238.8078460693359,-0.0003753805,0.00067474984,238.8975067138672,239.0587536910789
2025-09-08 00:00:00-04:00,238.8078460693359,237.0045166015625,-0.007580038,0.00065801584,238.8078460693359,238.96504699301656
2025-09-09 00:00:00-04:00,237.0045166015625,233.4875030517578,-0.014950641,0.00063587114,237.0045166015625,237.1552753568394
2025-09-10 00:00:00-04:00,233.4875030517578,225.955322265625,-0.032791264,0.00055263285,233.4875030517578,233.61656875033987
2025-09-11 00:00:00-04:00,225.955322265625,229.1833953857422,0.014185246,0.00071367435,225.955322265625,226.1166418105422
2025-09-12 00:00:00-04:00,229.1833953857422,233.2085418701172,0.017410545,0.0005282674,229.1833953857422,229.30450844666302
2025-09-15 00:00:00-04:00,233.2085418701172,235.8288421630859,0.011173214,6.263261e-05,233.2085418701172,233.22313719802878
2025-09-16 00:00:00-04:00,235.8288421630859,237.2735137939453,0.0061072456,0.00014639669,235.8288421630859,235.86336491324616
2025-09-17 00:00:00-04:00,237.2735137939453,238.1104278564453,0.0035210066,0.00036814943,237.2735137939453,237.36088679839486
2025-09-18 00:00:00-04:00,238.1104278564453,237.0045166015625,-0.00465535,0.0005523205,238.1104278564453,238.2419638303145
2025-09-19 00:00:00-04:00,237.0045166015625,244.5964508056641,0.031530514,0.0006002584,237.0045166015625,237.14682766796614
2025-09-22 00:00:00-04:00,244.5964508056641,255.13751220703125,0.042192955,0.0006984703,244.5964508056641,244.76734683491853
2025-09-23 00:00:00-04:00,255.13751220703125,253.49359130859375,-0.006464121,0.0006131518,255.13751220703125,255.29399615529837
2025-09-24 00:00:00-04:00,253.49359130859375,251.3813934326172,-0.00836726,0.0006592617,253.49359130859375,253.66076165999402
2025-09-25 00:00:00-04:00,251.3813934326172,255.9246063232422,0.017911611,0.0005625874,251.3813934326172,251.52286762695257
2025-09-26 00:00:00-04:00,255.9246063232422,254.51980590820312,-0.005504239,0.0008249746,255.9246063232422,256.1358172952623
2025-09-29 00:00:00-04:00,254.51980590820312,253.49359130859375,-0.004040114,0.00074978766,254.51980590820312,254.7107122682064
2025-09-30 00:00:00-04:00,253.49359130859375,253.69287109375,0.0007858246,0.0007088897,253.49359130859375,253.67336289581
2025-10-01 00:00:00-04:00,253.69287109375,254.5098571777344,0.0032152003,0.00076493283,253.69287109375,253.8869980024756
2025-10-02 00:00:00-04:00,254.5098571777344,256.18365478515625,0.0065550217,0.0007769557,254.5098571777344,254.70767358169545
2025-10-03 00:00:00-04:00,256.18365478515625,257.07037353515625,0.003455286,0.0007857313,256.18365478515625,256.385032060105
2025-10-06 00:00:00-04:00,257.07037353515625,255.74526977539065,-0.005167965,0.0007727791,257.07037353515625,257.26910750536626
2025-10-07 00:00:00-04:00,255.74526977539065,255.53607177734375,-0.00081832835,0.0006927551,255.74526977539065,255.92249193825776
2025-10-08 00:00:00-04:00,255.53607177734375,257.1102600097656,0.0061414395,0.00072165515,255.53607177734375,255.72055130609078
2025-10-09 00:00:00-04:00,257.1102600097656,253.1050262451172,-0.015700495,0.00077752466,257.1102600097656,257.3102508123593
2025-10-10 00:00:00-04:00,253.1050262451172,244.3673095703125,-0.035132065,0.00054246245,253.1050262451172,253.24237133019778
2025-10-13 00:00:00-04:00,244.3673095703125,246.74851989746097,0.009697219,0.00061155437,244.3673095703125,244.51680910977302
2025-10-14 00:00:00-04:00,246.74851989746097,246.8581085205078,0.0004440322,0.00060869823,246.74851989746097,246.8987702655359
2025-10-15 00:00:00-04:00,246.8581085205078,248.42233276367188,0.0063165408,0.00027949468,246.8581085205078,246.9271166639901
2025-10-16 00:00:00-04:00,248.42233276367188,246.5392913818359,-0.0076088747,0.00019644853,248.42233276367188,248.47113704733783
2025-10-17 00:00:00-04:00,246.5392913818359,251.36146545410156,0.019370627,0.00021989248,246.5392913818359,246.59351551444522
2025-10-20 00:00:00-04:00,251.36146545410156,261.27484130859375,0.03868088,0.0003544634,251.36146545410156,251.4505802390886
2025-10-21 00:00:00-04:00,261.27484130859375,261.8028564453125,0.0020188792,0.00027865358,261.27484130859375,261.3476615642285
2025-10-22 00:00:00-04:00,261.8028564453125,257.4988098144531,-0.016576666,0.0004974425,261.8028564453125,261.9331241992477
2025-10-23 00:00:00-04:00,257.4988098144531,258.6246032714844,0.004362504,0.00032913015,257.4988098144531,257.583562161195
2025-10-24 00:00:00-04:00,258.6246032714844,261.8527526855469,0.012404731,0.0006229875,258.6246032714844,258.78578489135543
2025-10-27 00:00:00-04:00,261.8527526855469,267.8206787109375,0.022535313,0.0007560208,261.8527526855469,262.05078242576565
2025-10-28 00:00:00-04:00,267.8206787109375,268.0099792480469,0.00070656853,0.00079181767,267.8206787109375,268.03283171773364
2025-10-29 00:00:00-04:00,268.0099792480469,268.7073974609375,0.00259883,0.00078504113,268.0099792480469,268.22046109953953
2025-10-30 00:00:00-04:00,268.7073974609375,270.401123046875,0.006283452,0.0008003833,268.7073974609375,268.9225592122966
2025-10-31 00:00:00-04:00,270.401123046875,269.37493896484375,-0.0038022627,0.00087893876,270.401123046875,270.6388834337704
2025-11-03 00:00:00-05:00,269.37493896484375,268.05975341796875,-0.004894318,0.00080606143,269.37493896484375,269.5921444996784
2025-11-04 00:00:00-05:00,268.05975341796875,269.0461730957031,0.0036730957,0.0007501195,268.05975341796875,268.26091148230626
2025-11-05 00:00:00-05:00,269.0461730957031,269.14581298828125,0.00037027634,0.0008059484,269.0461730957031,269.26311353621713
2025-11-06 00:00:00-05:00,269.14581298828125,268.7771301269531,-0.0013707649,0.00076858123,269.14581298828125,269.352759181711
2025-11-07 00:00:00-05:00,268.7771301269531,267.48193359375,-0.0048304973,0.00072670326,268.7771301269531,268.97251450294425
2025-11-10 00:00:00-05:00,267.48193359375,268.6986083984375,0.00453831,0.0006788353,267.48193359375,267.6635581366718
2025-11-11 00:00:00-05:00,268.6986083984375,274.5028076171875,0.02137115,0.0007299356,268.6986083984375,268.8948005409766
2025-11-12 00:00:00-05:00,274.5028076171875,272.7276306152344,-0.0064878813,0.0007419368,274.5028076171875,274.70654278757866
2025-11-13 00:00:00-05:00,272.7276306152344,272.2090759277344,-0.0019031746,0.00062119984,272.7276306152344,272.89711393575635
2025-11-14 00:00:00-05:00,272.2090759277344,271.6705017089844,-0.0019804914,0.00064309774,272.2090759277344,272.3841753213055
2025-11-17 00:00:00-05:00,271.6705017089844,266.73394775390625,-0.018338231,0.00069204345,271.6705017089844,271.85856516402055
2025-11-18 00:00:00-05:00,266.73394775390625,266.71405029296875,-7.4599404e-05,0.00051475083,266.73394775390625,266.8712797069966
2025-11-19 00:00:00-05:00,266.71405029296875,267.8309631347656,0.004178935,0.00066397694,266.71405029296875,266.89121087649255
2025-11-20 00:00:00-05:00,267.8309631347656,265.5272521972656,-0.008638567,0.00062585867,267.8309631347656,267.99864866952703
2025-11-21 00:00:00-05:00,265.5272521972656,270.75299072265625,0.01948945,0.0004979165,265.5272521972656,265.659499747715
2025-11-24 00:00:00-05:00,270.75299072265625,275.1710205078125,0.016185865,0.00053829356,270.75299072265625,270.8987826417797
2025-11-25 00:00:00-05:00,275.1710205078125,276.2181701660156,0.0037982282,0.0005735083,275.1710205078125,275.3288682640414
2025-11-26 00:00:00-05:00,276.2181701660156,276.79656982421875,0.0020918064,0.0006329642,276.2181701660156,276.3930495621862
2025-11-28 00:00:00-05:00,276.79656982421875,278.0930480957031,0.0046729315,0.0007062028,276.79656982421875,276.9921084013913
2025-12-01 00:00:00-05:00,278.0930480957031,282.3315124511719,0.015126193,0.0007972299,278.0930480957031,278.31483012339595
2025-12-02 00:00:00-05:00,282.3315124511719,285.4131164550781,0.0108557055,0.0008907073,282.3315124511719,282.5830950803247
2025-12-03 00:00:00-05:00,285.4131164550781,283.378662109375,-0.0071536303,0.0009310328,285.4131164550781,285.67897916936636
2025-12-04 00:00:00-05:00,283.378662109375,279.9380187988281,-0.012215815,0.0007771412,283.378662109375,283.59898419788806
2025-12-05 00:00:00-05:00,279.9380187988281,278.02325439453125,-0.006863458,0.0006334152,279.9380187988281,280.1153867924113
2025-12-08 00:00:00-05:00,278.02325439453125,277.1356506347656,-0.0031976593,0.00068786694,278.02325439453125,278.2145555286843
2025-12-09 00:00:00-05:00,277.1356506347656,276.4275817871094,-0.0025582234,0.0007108244,277.1356506347656,277.33271719885306
2025-12-10 00:00:00-05:00,276.4275817871094,278.02325439453125,0.005755883,0.00066513446,276.4275817871094,276.61149100469993
2025-12-11 00:00:00-05:00,278.02325439453125,277.2752685546875,-0.0026939972,0.00064336206,278.02325439453125,278.20219320660544
2025-12-12 00:00:00-05:00,277.2752685546875,277.5246276855469,0.00089891563,0.0005717819,277.2752685546875,277.4338606284291
2025-12-15 00:00:00-05:00,277.5246276855469,273.3658752441406,-0.015098576,0.00059950823,277.5246276855469,277.69107084296775
2025-12-16 00:00:00-05:00,273.3658752441406,273.8645324707031,0.0018224769,0.00047475818,273.3658752441406,273.49570484721335
2025-12-17 00:00:00-05:00,273.8645324707031,271.10205078125,-0.010138256,0.0006086442,273.8645324707031,274.0312617024574
2025-12-18 00:00:00-05:00,271.10205078125,271.4511413574219,0.0012868439,0.0005340235,271.10205078125,271.24686721438775
2025-12-19 00:00:00-05:00,271.4511413574219,272.9271240234375,0.00542265,0.0005722536,271.4511413574219,271.60653166542033
2025-12-22 00:00:00-05:00,272.9271240234375,270.23443603515625,-0.0099149505,0.0005486334,272.9271240234375,273.07691722858
2025-12-23 00:00:00-05:00,270.23443603515625,271.62066650390625,0.0051166206,0.00044084567,270.23443603515625,270.3535973046892
2025-12-24 00:00:00-05:00,271.62066650390625,273.06671142578125,0.005309645,0.0005522416,271.62066650390625,271.7707140646671
2025-12-26 00:00:00-05:00,273.06671142578125,272.6578063964844,-0.0014985768,0.00058406434,273.06671142578125,273.2262492123482
2025-12-29 00:00:00-05:00,272.6578063964844,273.0168762207031,0.0013160584,0.0005711551,272.6578063964844,272.81359492135743
2025-12-30 00:00:00-05:00,273.0168762207031,272.33868408203125,-0.0024871575,0.00062674924,273.0168762207031,273.1880364122444
2025-12-31 00:00:00-05:00,272.33868408203125,271.12200927734375,-0.0044775154,0.0006324074,272.33868408203125,272.5109774346856
